.x.x.oxo.,0
.xo.oxx..,0
oxo.xxxo.,3
o.....xox,1
oxo..xx.o,3
oo.x.x.ox,2
xx.xo.o.o,2
.....o.x.,0
.xooxoxox,0
xxo.xx.oo,3
x..xxoo..,1
oxx.x.oox,3
.o.xox...,0
xoo.o.xx.,3
.xxxxo.oo,0
.oxx..xoo,0
xx.xoo.ox,2
....xx..o,0
xox..o.xo,3
oxo....x.,3
oxx..ox..,3
oo..x..x.,2
xoo..xxo.,3
x.ooxxoxo,1
..x......,0
.x.o..oxx,0
..x.xoo.x,0
x...xo.xo,1
x.o..o.x.,1
......xo.,0
.xo..ox.x,0
.xox.o..x,0
x...oxo.x,1
.oo.xxox.,0
x.x.oxo.o,1
.ox..o..x,0
o.ox.oxx.,1
xoxxo....,5
o..x.o.x.,1
.x.ox.o..,0
.xo.....x,0
.o.x..ox.,0
xoo.xox..,3
.xx.ox.o.,0
oxx...o..,3
oxoxo.xox,5
ox.x.o.x.,2
xx..x.o.o,2
xo...xo.x,2
xox.x...o,3
xox.xxo.o,3
....x.o.x,0
.o.ox.xx.,0
.o.x.xox.,0
x.o..oxx.,1
...o.x...,0
oxox.o..x,4
xx.x.o..o,2
..x.xooxo,0
o.oxo.xx.,1
ox..o.xx.,2
oox..xx.o,3
x..xoo.xo,1
x.oo..xox,1
..ooxx...,0
.xo.x.oox,0
...o...xx,0
x...oooxx,1
xo.x.oo.x,2
xo.ooxxxo,2
xx.oxxoo.,2
..o.x.x..,0
oxo.xx.ox,3
.xo.oo.xx,0
x.xx.ooox,1
....xo.ox,0
.x.x.ooxo,0
x.oox....,1
x...xo.o.,1
.x.oxox.o,0
xx...xo.o,2
.x.xxoxoo,0
x.xoo.x..,1
.xo....ox,0
o.o.xxx..,1
o.ox.ox.x,1
oxo.o.xx.,3
o.ox.xx..,1
.x..xo.o.,0
x.xooxox.,1
o.x.o.x..,1
ox..oxxox,2
oxx.x..o.,3
xx.o..xoo,2
oo...xx.x,2
x.oxox..o,1
.xx.o.ox.,0
ox.xoooxx,2
..xoxooxx,0
xx.xooo..,2
xxoxx.o.o,5
xo.xxo..o,2
xo.ox.ox.,2
x.oooxxx.,1
o..x.ooxx,1
x.x.ooxox,1
...x.o.x.,0
xox.x..o.,3
o....x.ox,1
xooo.x.x.,4
x...oxo..,1
xxoox..o.,5
.......x.,0
.oxxo....,0
x.o.ox.ox,1
ox.o.xxxo,2
.ox.x..xo,0
x.oo.x.xo,1
..xox.oox,0
x...xoxoo,1
.x.xo.oox,0
xx.oo.o.x,2
o.x.x.o..,1
ooxxx.oxo,5
ox.x..x.o,2
x.xx.oo..,1
o...xxo..,1
..xx..o..,0
xooxx..xo,5
ox.......,2
xx..oxoox,2
.oxxxo...,0
.x.o.oxox,0
.x.xo.xo.,0
xo.x.o.x.,2
ooxx...x.,4
.x.oox.xo,0
.x...ox.o,0
..o.xo.x.,0
..x.xoox.,0
x..xo.o.x,1
x.xxoooox,1
o...x.oxx,1
xx.oox..o,2
oxxoox...,6
ox.xx..o.,2
o.ox.xx.o,1
xooxo..xx,5
.o.xx..xo,0
xo.ooxx.x,2
xox.o.ox.,3
xo....xox,2
.o.xoox.x,0
..xoxxoo.,0
ox..o...x,2
ooxx....x,4
.oxxox...,0
ooxx.x...,4
.o....oxx,0
o...x..ox,1
.oxxxo..o,0
.x..oo..x,0
.x.oxoo.x,0
...ox.x..,0
oxx..xxoo,3
.xox...o.,0
o....xxxo,1
x.xo....o,1
x..o....x,1
.xo...xxo,0
o.o..x.xx,1
ooxx.xx.o,4
xx.ooxxoo,2
.o...xxox,0
xx.o.oox.,2
.xxox.o.o,0
..oxox.xo,0
.oxxoox..,0
o...xoxx.,1
xx..oooxx,2
oxxxxooo.,8
ox.oxox.x,2
ox....o.x,2
.o.oxx..x,0
xx.o.oxxo,2
x.xoxoo..,1
x..x.ooox,1
o.xxox...,1
o.o.x...x,1
..xxxooox,0
.o.x.x..o,0
o.xxo..x.,1
ox..xox..,2
...xxoxo.,0
xxoo...xo,4
ooxo.x.x.,4
xoxx..oxo,4
o.x..o..x,1
oxoo.x..x,4
.o..o.xx.,0
xx..ox..o,2
oox.xo.x.,3
..xx.ooxo,0
x.ox..o.x,1
oo.x.x...,2
....x.xo.,0
xx...ooxo,2
xoxo.x..o,4
oxoox.x.x,5
xxoo.xoox,4
.x.ooxxo.,0
oox..o.xx,3
o..xo..x.,1
xxooxxo..,7
.oooxxx..,0
x.x.ox.oo,1
xxoxx.oo.,5
ox....xo.,2
.oxo...x.,0
oox.oxxx.,3
..oo..x.x,0
oxx.oo..x,3
xo.o.xo.x,2
.xoxoxxo.,0
xooxx.oxo,5
oxoxxo...,6
x.o.o..xx,1
.xxoo.oxx,0
.xoxxoo..,0
.xoxoxxoo,0
xoo.oxxx.,3
.....o..x,0
.x..o...x,0
xx.xoo.xo,2
x.xo.oxxo,1
o.xx..o..,1
xxooo.x..,5
.xxoo..x.,0
..oxo..x.,0
oxxxo.o..,5
o...oxx..,1
.ooxo.x.x,0
ox.o....x,2
oxo.xx..o,3
.xxooxo..,0
xoo.xx.xo,3
...oxoxx.,0
.x..oxxoo,0
xo.x..oxo,2
xoo...xxo,3
x.xoo.o.x,1
ox.xoo.x.,2
xxooox..x,6
.oxxo.ox.,0
o.o.x.xxo,1
...xoxoxo,0
.xo.xoo.x,0
xox..xoxo,3
xx..x..oo,2
..xoxx.o.,0
.ox..o.xx,0
xxo.oo..x,3
.o.x..oxx,0
..o..oxx.,0
.xxoxxo.o,0
.o..o.x.x,0
xx..xoo..,2
.xoo.xxxo,0
.x..xxoo.,0
oxox..xo.,4
..o.ox.xx,0
xoxox....,5
xooxx....,5
.xxoo.xxo,0
o.xxo.xo.,1
.o.o.xxx.,0
x......ox,1
xoxo.xx.o,4
o...x..x.,1
xoxoxx..o,6
ox.x..o.x,2
xoo....x.,3
oxxooxxo.,8
.x...xoxo,0
x..ox.xo.,1
o.oxx.xox,1
.xx.oooxx,0
ox..o..xx,2
o.xxxooxo,1
xoo.x..x.,3
.oo.xx.ox,0
.oox.x..x,0
x.....oox,1
o....ox.x,1
oxx..oxox,3
...oxx...,0
.xoox.o.x,0
xx.xoxo.o,2
.xx.xooo.,0
xo.xoooxx,2
oxo...oxx,3
ox..ooxx.,2
...oxxoox,0
.o.x.xxoo,0
.oxxxo.ox,0
xoo..xo.x,3
xoox.o.xx,4
oxx.xoo..,3
x..x.o...,1
oxxo..xxo,4
..x.ooxxo,0
xo..xo.xo,2
ox.ox.xox,2
x.xx.ooo.,1
x...oxxoo,1
x.xo.oxo.,1
.oo.xxxxo,0
oxoo.x.xx,4
.xoxx...o,0
x..o..xxo,1
oo...x.x.,2
xox.xo.xo,3
....oo.xx,0
.xo.x...o,0
ooxx.oxxo,4
xoxxo..xo,5
xoxxoo..x,6
..xoo.xxo,0
.xx.o..ox,0
....x.x.o,0
.xoxx.o..,0
...xoooxx,0
xoxx..o..,4
..xxo.xo.,0
xx..o.ox.,2
.x.oo.oxx,0
xox..xoo.,3
x..oxxo.o,1
xoox.xoxo,4
oxx...oxo,3
oo.x.o.xx,2
.xx...o..,0
ooxoxo.xx,6
ox..x.o.x,2
..ox.x.ox,0
.o..xo.xx,0
.x..oox.x,0
.x.o.oxxo,0
...ox.ox.,0
.xoo.ox.x,0
oxx.o...x,3
xoxo.oxx.,4
ox.o...xx,2
ox.x.x.oo,2
x.xoxo...,1
x...o..ox,1
....xxoxo,0
.o....x..,0
.oxx.....,0
..xoo.x.x,0
x.xxooox.,1
.xxx..oo.,0
o.x.oxxo.,1
.xoxo.xox,0
oxxo.x...,4
...x...o.,0
.x..xooox,0
.xxoo.xox,0
x.o..xxo.,1
ooxx...xo,4
.oxxo..xo,0
.oox..xox,0
x...ox.ox,1
..oxxoo.x,0
oxx.xo.o.,3
x.o.x.o..,1
ox......x,2
x.xx.oo.o,1
oox.....x,3
...xox.xo,0
xoxooxx..,7
...x..oxo,0
.o..ox..x,0
o..x...ox,1
ox.xx.oox,2
.x......o,0
oo.xox..x,2
..oxox.x.,0
xoo.xxox.,3
xx.o.o.x.,2
..oo.x..x,0
..ox.....,0
ooxxx..ox,5
xx.o.x.oo,2
ox..xxoox,2
.o.x.xoxo,0
oxo.xxxoo,3
xxooo..xx,5
ox.xoo..x,2
.xx..xo.o,0
x.xo.xoxo,1
oxxo....x,4
x...x.o.o,1
xoxo.....,4
o.xo..xox,1
x..o..oxx,1
.x.x.o.o.,0
ooxx.o.xx,4
.oo.xx.x.,0
ox...xo.x,2
.xxxoo..o,0
oxx...oox,3
.xxxoo.xo,0
.x...o.ox,0
xoxox.o..,5
..oo.x.xx,0
.xxxo.oo.,0
o.xxoxxo.,1
.xxo..ox.,0
x.oo.oxx.,1
..x...xoo,0
oox.xxo..,3
.o.xx.oxo,0
.x..xxo.o,0
..xxoxo.o,0
x..x.oo..,1
..x.o....,0
.x.x..o..,0
o...xxxo.,1
.oxo.xx.o,0
..ox..oxx,0
oxxx.xo.o,4
xoxx...oo,4
xooooxxx.,8
xxoox.o..,5
....xxxoo,0
...o.xxox,0
x.oxo..x.,1
.oxx.xo.o,0
.xxoo.o.x,0
.ooxox..x,0
o.xx...xo,1
.xo.xxo..,0
...o.x.x.,0
oxxxxoo.o,7
xx.o.x..o,2
x.xxo.oo.,1
.oxo....x,0
oxxx.ooox,4
oxxxooo.x,7
xo..xxoxo,2
.x.xoxoox,0
x..x.o.xo,1
xxo.....o,3
.xxoo....,0
xoox.x...,4
xxoxo..xo,5
x....oxox,1
..x..ox..,0
...oxo.x.,0
xo..xoxxo,2
.xoooxxxo,0
x.x.o.o.x,1
x...oxx.o,1
...oox..x,0
xxo..o.ox,3
x.x..ooxo,1
...oxxoxo,0
xx.oxo.o.,2
ox..oxo.x,2
o..oxxx.o,1
x..o.x.o.,1
x..x..o.o,1
.o.oxxxo.,0
oox.xxoxo,3
.x...xo..,0
x.oxx..o.,1
.x..x.xoo,0
..x.x..oo,0
xo.oxoxxo,2
x.x..ox.o,1
xoo....xx,3
ox.x.oox.,2
xoxxoo.xo,6
xoooxxox.,8
x...o.xo.,1
xxo......,3
.oo..x..x,0
.xx..o.xo,0
.xoo..xx.,0
oxx...ox.,3
..xxoo...,0
ox.x..o..,2
...oxo.xx,0
o.x..oxox,1
x.xo...ox,1
xoo.x.xo.,3
xoxoo...x,5
.xxox.oox,0
xxoxo..ox,5
oo.xxooxx,2
.o.o..x.x,0
..oo.xoxx,0
xxooox.x.,6
.x..xoxoo,0
x..oxo.x.,1
o.o.xxxo.,1
o..x.xxo.,1
xoxoo.x.x,5
.x..xo.ox,0
xo...ox.x,2
o.ooxxx.x,1
oxox.xxoo,4
o.x..ooxx,1
..oox.xx.,0
...x.oo.x,0
x.oo.xo.x,1
xoxoox.xo,6
oxxo..x..,4
o.oo.xx.x,1
xooxxo...,6
x.oox..x.,1
xxo.ox...,3
oxxxx.o.o,5
.ox.o.x.x,0
o.x.xxo.o,1
ox.ooxx..,2
x..x.xoo.,1
oxo.ox.xx,3
xo.oxxox.,2
oxxxox.o.,6
ox..xxxoo,2
xo..xxo..,2
x.oooxx..,1
.xx.xoo..,0
xo.o..xx.,2
..o.x.o.x,0
xo..xxxoo,2
xoo...xox,3
.o.xxox..,0
xo.oo.xx.,2
.oxx.x.oo,0
oxxx.ooxo,4
xoxx.xo.o,4
x.o..xoox,1
xox.oox.x,3
o.x.oxx..,1
ox.o.x.xo,2
x...ox.xo,1
.ox.x.oxo,0
.o.x...ox,0
o.xxoo.xx,1
x.o.o.xxo,1
.oxo.xx..,0
ooxo.xxxo,4
.xxoxo..o,0
.ox.xxo.o,0
oxx..ox.o,3
..xxoo.xo,0
o..oxx.xo,1
o....x.x.,1
oxoxo..x.,5
xxo..x..o,3
..xo..xxo,0
...ooxxx.,0
xo..ox..x,2
...xxo.ox,0
ox..x..ox,2
o.ox.x.x.,1
xo.......,2
xx.ooxo.x,2
oxo..x..x,3
oxo.xxoox,3
.ox.xo.ox,0
.x.ooxo.x,0
xxox.xoo.,4
.ox.x.o..,0
..oox.x.x,0
o.xxo.o.x,1
o..x.x..o,1
.xo..x...,0
ox..ox.x.,2
oxxx.oo..,4
..xx...oo,0
oxooxxxo.,8
x..xox.o.,1
.o.ox.oxx,0
xxo.x..oo,3
x.ooxox..,1
.xxoxo.o.,0
.ox.x.ox.,0
..oxo.x.x,0
.xoox.x.o,0
oo.x.oxx.,2
x.x.ox..o,1
.xoooxxox,0
..xoxo.x.,0
ooxxoo.xx,6
.oxx.oxxo,0
o.x.oo.xx,1
xoo...x..,3
.x...ox..,0
oxxoxx.oo,6
.x....ox.,0
.xox.x.oo,0
...xoxxo.,0
.oxoxo.xx,0
.o..xooxx,0
xox..oxxo,3
x.x.x.o.o,1
xx.oxox.o,2
.xoxx.xoo,0
x.o.xoxo.,1
..x.xxo.o,0
x.ooxo.x.,1
x.oo.x..x,1
o.xx.xxoo,1
xx..o...o,2
x.oo.xxxo,1
xxoo...ox,4
..ox.xox.,0
oox.x..xo,3
xx.xo.oo.,2
x.oxo...x,1
.x.ooxx..,0
...xxoo.x,0
.xxo.x.oo,0
o..xxo.x.,1
ox.o...x.,2
oxo...xx.,3
.x.o.x.ox,0
xxoo..xo.,4
.x..ox.ox,0
.xxxxooo.,0
..xo.xxoo,0
.o.x.oxxo,0
xx.o..oxo,2
.xxo..xoo,0
.oxx.x..o,0
.x.o...ox,0
.ooxxooxx,0
x...oxxo.,1
xxoox.xoo,5
.xoxxoo.x,0
.oxox....,0
o...oxxx.,1
xxox..o..,4
o...xox.x,1
oo.x.x..x,2
o..x.oxox,1
.x..o..xo,0
o.oxxoxox,1
o...o.xx.,1
.x..x.o..,0
.o..oxx.x,0
.oo.x...x,0
..xxxoo.o,0
xoxo.x...,4
o.xo.xx.o,1
...oxx..o,0
xxox...oo,4
.x...o..x,0
xoxo.xox.,4
xxo..ox..,3
x.oo.xoxx,1
.oxooxx..,0
..ooxxx..,0
o.x.xooxx,1
x..oo..xx,1
o..o.x..x,1
.xxooxx.o,0
..xoo.x..,0
x..x.ooxo,1
oxx.o.xox,3
x.x..o.o.,1
xx...o..o,2
xoo.oxx.x,3
ox.oox.xx,2
...o.xxo.,0
.xo..xox.,0
.xox.oxo.,0
.o.x.oxox,0
oo.x.xoxx,2
x.xo.o.x.,1
oxoxoxx..,7
o.x..x...,1
xo.xoxo.x,2
x.o.xxoo.,1
x.o...o.x,1
.x..o..x.,0
x....o..x,1
o.x..ox.x,1
xxox....o,4
.x.oxo...,0
x.x.xooo.,1
o.x.xxo..,1
o....o.xx,1
.ox..xo..,0
..x.xo.o.,0
xo.x..oox,2
x.x..oxo.,1
xoxox..xo,5
.x.x.oxoo,0
...x..xo.,0
ox...ox..,2
.o.o.xxxo,0
..xx.o...,0
o.x....xo,1
o..xxoxxo,1
x..oxx..o,1
..o...xox,0
.o.oxxxxo,0
oox.ox.x.,3
.....x...,0
x.oxx...o,1
o..o...xx,1
oxx.xxoo.,3
.o.xo.x.x,0
oxoxox...,6
.oo.xxo.x,0
oo.xxo.xx,2
xx....o.o,2
x..o.o..x,1
x.xx...oo,1
x.o..oxox,1
o.o.oxxx.,1
x.x.oooxx,1
o.oxx..xo,1
oxxo.ox..,4
ox.ox....,2
..oo.xx.x,0
.xxo.o..x,0
..xo.ox..,0
o..x..oxx,1
x....oo.x,1
o..xx..xo,1
xoxo...x.,4
.xxoo...x,0
.ox..xoxo,0
xoo.xxxoo,3
x.o..x.xo,1
o..x.xo..,1
.o.xo...x,0
x.o...x..,1
.xxo...xo,0
xxoo.x...,4
...x.oxo.,0
xx.xooox.,2
.o.x.ox..,0
o.xxoooxx,1
...xx.oo.,0
xx..xo.oo,2
oo.xxoxox,2
oo.xo..xx,2
ox.x...o.,2
..xox....,0
x.oo....x,1
oxx.o..ox,3
x.x.xoo.o,1
...o..x..,0
xo......x,2
xx...oxoo,2
x....o.x.,1
....xx.oo,0
.oo.oxxx.,0
oxxx.xoo.,4
ooxxxoo.x,7
xox.oxox.,3
...x.oox.,0
oxo....xx,3
oxo.x.x.o,3
ox..o.x..,2
.xx...xoo,0
.o..x.xox,0
oxoxx.x.o,5
xx.oox.xo,2
x.ooox.x.,1
xo.o...xx,2
.x.xooxxo,0
xoox...xo,4
x.x....oo,1
oxxo.o..x,4
.x.o.xoxo,0
.oxxooxx.,0
oxo.xxo..,3
...o..oxx,0
xoo.ox.x.,3
...x.xoox,0
x.xo.xo.o,1
xoo..x.x.,3
x..o.oxox,1
xxoxo..o.,5
xoxo..xox,4
ox....oxx,2
xx.oxx.oo,2
..xo.xox.,0
..xx.oo.x,0
.x..x.oo.,0
.x.oxoxox,0
..o.x...x,0
oxoo.xxxo,4
..xo.x..o,0
oxoxxoo.x,7
xo.x.xo.o,2
.xx..o.o.,0
..x..o..x,0
.x..xx.oo,0
xx.xoooxo,2
..ooxxoxx,0
.xo.xo...,0
x..x...o.,1
x.xx.o..o,1
xo..x....,2
oxxo..xox,4
oo..oxxx.,2
..x..o.xo,0
oxoxo.x.x,5
..o..o.xx,0
ox.x.ox..,2
.oo.x.x.x,0
.x.ox.oox,0
x.o..xxoo,1
x.o...oxx,1
oxo..xo.x,3
..x.oo.x.,0
ooxo.xxx.,4
o....xxo.,1
.o..x.x..,0
o.xo...xx,1
..xx..oxo,0
ox.o..xox,2
x.ooox..x,1
x.o..ox..,1
o.oxx.x..,1
oox...oxx,3
.o...xx..,0
xx......o,2
.x...xoox,0
ooxxx....,5
x..xox..o,1
x..x.oox.,1
..oxo.x..,0
oxoxx...o,5
xoxo.o.xx,4
.xo..x.xo,0
.o.xxoxxo,0
xxoxoo..x,6
x.oxox.o.,1
.xxxooxo.,0
.o.x..o.x,0
oo.x.xx.o,2
xo..oxxxo,2
o.xoxo.xx,1
xooox..x.,5
..oxx.x.o,0
..x..xo.o,0
xxo...x.o,3
xxooox.ox,6
xo.o.x.xo,2
o.xx.x.o.,1
xx..o.o..,2
.ooxo.xx.,0
o..xx..ox,1
xo.ox..x.,2
x..xoo.ox,1
oxxox..ox,5
.x.....ox,0
...ox..ox,0
xxo.o.x.o,3
..ox..xox,0
..x.x.o..,0
..o.x..ox,0
x.xxxooo.,1
.o...xoxx,0
x.xxoxoo.,1
.oox.xxxo,0
xoxxx.oo.,5
oxo..x...,3
x..xo..o.,1
...x.ooxx,0
......xox,0
.x.xoox.o,0
.xoxo.xo.,0
.x..x.o.o,0
....x.ox.,0
.x.xo.oxo,0
oxo.x....,3
..xxo.o.x,0
oox..x...,3
.x.xooxo.,0
.xxxoxoo.,0
..o.xxo.x,0
..xox..xo,0
xx.o.ox..,2
.x..o.ox.,0
x.oxxoox.,1
o..x..x.o,1
oo.xx....,2
xo..xo...,2
.....xxo.,0
oo..xoxx.,2
oxxo.xx.o,4
.ox.x...o,0
o..xx.oxo,1
o....x.xo,1
xx.o.xo..,2
xoxxoo...,6
..ooxoxx.,0
x.x.o..xo,1
.oooxxxx.,0
x..xxooo.,1
..x...x.o,0
..xo.x.xo,0
.x.oxxoox,0
xxoo.ooxx,4
.xoxox.xo,0
..x.ox..o,0
x..oox.ox,1
oxooox.xx,6
o.x......,1
o.ox..xox,1
x..oo.x..,1
xoxxooox.,8
o.xo...x.,1
xx.oo.xxo,2
.xo.xox..,0
.ooxx.xox,0
xo..x.xo.,2
x.oo..xxo,1
.xx.o.oox,0
.oxoo.x.x,0
..o.xxoxo,0
...o.oxx.,0
xo.o..xox,2
.xx.oo.xo,0
..xoo.xox,0
oxoxo..xx,5
xxo.oo.xx,3
..xoxo...,0
x.ox.x.o.,1
o.oxx.xxo,1
..o.xoxox,0
o.x..oxx.,1
xooox.xxo,5
...xo.ox.,0
x.o.....x,1
xo....x.o,2
o.ox.xxxo,1
oxoo...xx,4
..xxooxxo,0
oo.xx.xxo,2
o.xxxoox.,1
x.x..o.ox,1
o.o.xox.x,1
.xxo.xoo.,0
.xoox...x,0
oxxxo.xo.,5
oox...x.x,3
oxoo..xx.,4
o...xxxoo,1
oo..xx.xo,2
..oxxo.x.,0
..xooxxo.,0
o..oxx..x,1
.x.oxx..o,0
xx.o.o..x,2
o.ooxx.x.,1
.ox.xx.o.,0
..xoxxoxo,0
o.ox.xxox,1
xox.ox.xo,3
ox..xx..o,2
xoxxoxo..,7
.o.xoo.xx,0
.ox.x....,0
..ooxx.ox,0
.x...oox.,0
ox.x..xo.,2
o..x.ox..,1
o...o.x.x,1
.oox.o.xx,0
.....ox..,0
oxx..xoo.,3
ox.oxox..,2
.o..x.oxx,0
xxo..o...,3
oxox.ox.x,4
o..o..xx.,1
xo.oox.x.,2
...xoxo..,0
..ox.oxx.,0
xo..x..xo,2
.x...ooxx,0
oxoxx..ox,5
o.oox..xx,1
x...x.o..,1
x.ooxx...,1
....x.oox,0
oox..x.xo,3
.xxo..oox,0
.oxo..xox,0
oo.o.xxx.,2
..xxox.oo,0
o..oxxxxo,1
.ox.xx.oo,0
oxx....o.,3
.x...x..o,0
......o.x,0
o..oxox.x,1
x.o..xo..,1
o..xox...,1
x.oo.xx..,1
x.ooxoxx.,1
x.xo...o.,1
.xxooxxoo,0
oxx..o...,3
oxx.ox...,3
x.o.x.xoo,1
xxoo.x.xo,4
ox.x.ooxx,2
x.xoo.x.o,1
xxoo.ox.x,4
..x...oxo,0
x.....oxo,1
x...o.x..,1
xxo.xxo.o,3
.oxxoo..x,0
xoxoox...,6
..x.oxox.,0
..x.o...x,0
..xxxooo.,0
xx.xo..oo,2
..xox.oxo,0
.oxx..o..,0
.oxo.ox.x,0
.o.o.x.xx,0
o.xxox.o.,1
.xox.xxoo,0
xo.oxx.xo,2
.x.xo.x.o,0
.xx.oo.ox,0
.xoox....,0
ox.xxo..o,2
...xo..xo,0
xooxox.xo,6
xoox.xo.x,4
oxo.oxxx.,3
..o.xox.x,0
xx...xoo.,2
x.o.x....,1
x.xox.oo.,1
o..ox...x,1
o.xox...x,1
o.....x..,1
.xox..o.x,0
oo.xx.x..,2
...xooxox,0
.xxooxoxo,0
xo.ooxoxx,2
xxo.oxxo.,3
ox.oox..x,2
xxo.oox..,3
x.x.oo..x,1
o...x.x..,1
xx..o..o.,2
....xoxo.,0
xoox.xoox,4
xo.xoo.xx,2
x..x.o.o.,1
..oxox..x,0
.oox...x.,0
....o.x..,0
x..x..oxo,1
.xo....x.,0
oxo..xxo.,3
xx.ox...o,2
.o..xxxo.,0
.x.oxox..,0
.oxxxoo..,0
.xooo..xx,0
.ooxx.x.o,0
..oxxoxo.,0
.o.xox.x.,0
..o..xx.o,0
.x.oo.xox,0
xox.oxx.o,3
xoxoxo...,6
o....xx..,1
oxxx.x.oo,4
xoxoxx.o.,6
o..xo.oxx,1
...xo.xox,0
o.xo..x..,1
ox.x.oxo.,2
o.xoxx..o,1
oxox...ox,4
oxox.o.xx,4
..xo..xox,0
xo.o..x..,2
xo..x.ox.,2
x.o..ooxx,1
.ox.oo.xx,0
x.o...ox.,1
o.xox....,1
.x.xo...o,0
..oxox...,0
.o.xx.x.o,0
..xo.....,0
.ox..ox..,0
xoxoxo.xo,6
..xx.ox.o,0
xx.oxoxo.,2
.o.ox...x,0
oxo..xx..,3
..oo.xxxo,0
ox.x.oxox,2
oo..xx.ox,2
ooxoxx...,6
o...oxx.x,1
oxox..xxo,4
.xx.o.o..,0
x..oxoox.,1
xx.ooxx.o,2
xo....x..,2
.o.ooxx.x,0
.x.oxoxo.,0
o..x.o..x,1
.x..o.oxx,0
.x..x.oox,0
xxoo.xx.o,4
.x.o.o..x,0
.x.xo....,0
x..oxox..,1
.xoxx.oox,0
o.x.ooxx.,1
x.x...xoo,1
...xooxxo,0
.oxxxooox,0
ox.....xo,2
.o.x..xox,0
o..x.xo.x,1
xoxo...xo,4
.xxxoooox,0
.oo..x.x.,0
ox..oxx..,2
xo.xxo.xo,2
.o.xx.ox.,0
x...xoox.,1
.ox..x.o.,0
.xx..ooxo,0
.xooox.x.,0
.oox.xox.,0
x.o.x..xo,1
..x.o.o.x,0
o.xox..xo,1
xooo..x.x,4
.xo...xo.,0
oo.ox.x.x,2
.xox.x.o.,0
.xoxo.xxo,0
x...oxoox,1
.xoxxo.o.,0
.oxx..xo.,0
.o....xox,0
x.xo.oxox,1
..o.x.ox.,0
.ox.xxo..,0
.xox...xo,0
x...oxox.,1
xo.xxooxo,2
x...ooxxo,1
.x.xxo.oo,0
.xo..x..o,0
.oxx..oox,0
x..ox.x.o,1
xoo..x.xo,3
..xx.o..o,0
x..o.x...,1
xoo...oxx,3
.x.oo.xxo,0
x.xxoooxo,1
o.xoxo..x,1
xx....xoo,2
xox.oooxx,3
.....oxx.,0
xox.oo.x.,3
..xxo.x.o,0
.o.ox.x.x,0
.x.xx..oo,0
o..oxx.ox,1
xo..xoxo.,2
o..x.oxxo,1
xx.o.xxoo,2
.x.xxoo..,0
....x..o.,0
xxoo....x,4
..x.oox.x,0
ooxxxo..x,6
ox.xx.o.o,2
.o.xxooxx,0
xox.o..xo,3
.x...xoo.,0
o..oxxx..,1
xoxxxo.o.,6
xxo..oox.,3
.xoxox...,0
..x..xoo.,0
o..x.oxx.,1
..x..oo.x,0
oxo.x.x..,3
oxo.xxo.x,3
o.o..x.x.,1
..x.oo..x,0
o.ox..xx.,1
xx..o.x.o,2
.oxox.o.x,0
xx.....oo,2
oo.x.x.xo,2
ox.x.xo.o,2
.....x..o,0
...x..x.o,0
..xx.oo..,0
xxooxoxo.,8
....x..ox,0
.x.xo..ox,0
o..xox..x,1
o..xooxx.,1
oo..xxx.o,2
.o..xxox.,0
xx..ooxox,2
oxxo...xo,4
.x..oooxx,0
ox..xoo.x,2
ox.xoxo..,2
..xxxo.o.,0
.x.o.ooxx,0
ox.ox.xo.,2
.o.xox.xo,0
..ox.xxoo,0
xx..x.oo.,2
oo....xx.,2
o.xx.x..o,1
x.xoox.xo,1
.x.oo.x..,0
o.xx..ox.,1
.oxxoxox.,0
oxxxo.oox,5
..o.xoxx.,0
x.xo.....,1
.ox..oxox,0
oxo.....x,3
.xoo.xox.,0
..ox.xo..,0
ooxxo.x..,5
.oxooxxxo,0
ox..x.x.o,2
oo...xxx.,2
.xx.oxoo.,0
o.x.xx..o,1
oxxoo..xx,5
..xo..x.o,0
o.x.x..xo,1
xoxxxooo.,8
xo.o..xxo,2
oxxo.o.x.,4
.oxxx.oo.,0
o..xxo..x,1
..o.xxxoo,0
xox.xxoo.,3
o...x.ox.,1
.x.xooo.x,0
.xo..xo..,0
..ooxo.xx,0
..oo.xx..,0
xoxo.x.o.,4
xx.x...oo,2
.ox.x..o.,0
.xox.oxox,0
oxxxo....,5
.x.xx.oo.,0
xoxx.o.ox,4
o.xxo....,1
oo.xxox.x,2
o.x..oxxo,1
o.xooxx..,1
oxx.x.o.o,3
xx.xo..o.,2
xox.o.xxo,3
ox...oxxo,2
oxo..ox.x,3
..xxoxo..,0
.o...xxo.,0
.xxo.x.o.,0
.x.oo.x.x,0
xoo..xx.o,3
..o..x.ox,0
.x...o.x.,0
xo.....x.,2
.oo.x.xox,0
o.x.x....,1
xoxx.x.oo,4
.xxox..oo,0
.xo.ox.x.,0
o..xx.xoo,1
..xxxo.oo,0
..xxooox.,0
xoo.xo.x.,3
..xo.ox.x,0
xox..xo..,3
.ox..xox.,0
xoo..xx..,3
o..oxxxox,1
.x...oxox,0
.xx..o.ox,0
xxo.o.xox,3
xoooox.xx,6
.x.xoxxoo,0
oxo.oxx.x,3
xo..o.xxo,2
.x..o....,0
oxo...xxo,3
..x.x.oox,0
oox.xooxx,3
.xx...oxo,0
...xxo.xo,0
xoxx....o,4
.ox....ox,0
.xoo.oxx.,0
xxooo.xox,5
xo.xoxoxo,2
.x....o..,0
ooxo..x.x,4
xo.x.o.xo,2
...oxooxx,0
o..ox.xx.,1
.x.....o.,0
.xoxx..oo,0
...ox....,0
oxoxx....,5
oxxxooox.,8
x...xxoo.,1
o..oxx...,1
...xx..oo,0
.oooxx.x.,0
x.oo.x...,1
o.xxo.ox.,1
..oxx..o.,0
.....x.ox,0
ox.oxxxo.,2
x.xx.ooxo,1
oxx.oox.x,3
xx...ooox,2
x.oxxoo..,1
oxox.xx.o,4
.xxoo.xo.,0
oxoxx.o.x,5
.xxxooxoo,0
.xx..oo.x,0
oxx..oox.,3
o.x.o..x.,1
o..xxo.xo,1
.ox......,0
.x...o.xo,0
...xo.o.x,0
oo..xxoxx,2
.ooxx.oxx,0
o..o.x.xx,1
..ooxox.x,0
...o.o.xx,0
x..xo.o..,1
xoo..xox.,3
o.oxoxxox,1
x.xo..oxo,1
x.ooxxo..,1
o.o.xxo.x,1
.o..xx.o.,0
oxx.ooxx.,3
xx.o.....,2
.xooxxo.x,0
.xx.o..o.,0
.xx.ooo.x,0
x.xoo..xo,1
.x.x..oox,0
.o.xx.oox,0
o...x....,1
x...x..oo,1
x.oox.xo.,1
.xx..oox.,0
xxo..xoxo,3
xoxoo.x..,5
.x..ox.o.,0
.xx.x..oo,0
ox.x.oxxo,2
.oxxoxx.o,0
xoxo..x..,4
ooxox..xx,5
x....xo.o,1
.ooxx..x.,0
oxx.oxox.,3
.o..xoxox,0
.x.xo.ox.,0
..x..xxoo,0
xooo.x..x,4
ox.oo..xx,2
xo.xxo.o.,2
xo...ooxx,2
ox.oxoxox,2
oo.xoxx..,2
oxxoxx..o,6
.oox.xoxx,0
oo.x.xxox,2
..xo.xoxo,0
xoox..oxx,4
..xox.o.x,0
x.x.o.o..,1
.xoxxo...,0
o..xx.o.x,1
xx...o.xo,2
..o.xo.xx,0
xxoooxxo.,8
.....xoox,0
xo.xx..oo,2
xox.oo.xx,3
.x.o.x..o,0
....oxox.,0
o..xx.xo.,1
.o...x.ox,0
xox...o..,3
..xxo..xo,0
oxoxxo..x,6
..o.x.xox,0
.xoxox.o.,0
o.xxooxx.,1
xo.oox..x,2
.xx.oxoxo,0
xoxo..o.x,4
xox..oxo.,3
x.ox.o.ox,1
...xx.oox,0
x.oo...xx,1
....ox.xo,0
...xo.xxo,0
xxo.xoo..,3
.x..oo.x.,0
xxoox....,5
x.xo.oo.x,1
xo.x.xoo.,2
ox..x...o,2
.xxo..x.o,0
...ox.xox,0
xxooxox..,7
ox.oo.xx.,2
x.oxoo..x,1
xoxo.oxox,4
...xo..ox,0
xoox.o..x,4
xx..ooxo.,2
xx.oxo...,2
oox.x..ox,3
oxxxo.ox.,5
o.x.xo.ox,1
o.x..xx.o,1
.o..xxo..,0
o..x.xox.,1
o..xxoxox,1
.xox.o.x.,0
xo..o.x.x,2
xooxxoox.,8
x..oxoxxo,1
...x.xoo.,0
....xo...,0
x.oooxx.x,1
xx.ox..o.,2
o.ooxx..x,1
xoxxooo.x,7
.x.xoooxx,0
xx..ooox.,2
xx..oxxoo,2
ox.oox.x.,2
ox...xxo.,2
ox...o.x.,2
o..xx..o.,1
.x.xooox.,0
.xo..o..x,0
x..o..x.o,1
oxox.x.o.,4
.ox.oxox.,0
xxooxx.o.,6
..x..oxo.,0
.o.ox.xox,0
..oxoxxxo,0
xo.x.x.o.,2
..oxo.xox,0
.oooxxx.x,0
ox..xox.o,2
.oxxx..o.,0
..x....o.,0
ox.xx.o..,2
.xx.oox.o,0
o.ox.x...,1
xoo..xxxo,3
.o..xo.x.,0
o.oxx.ox.,1
ox.xoxo.x,2
.o..xxxoo,0
......oxx,0
.xx.xo.oo,0
.xo..x.o.,0
xxooo...x,5
.xo..xxo.,0
..xooxx..,0
oxx.x...o,3
xxo.x.oo.,3
x.oxoo.x.,1
o.x.ox.x.,1
x.xoo...x,1
xoo.....x,3
xx.x.ooox,2
.oxx.o..x,0
.xo.x..o.,0
.oox...xx,0
o.ox...xx,1
.oo.xxoxx,0
x.oo..oxx,1
x.oxo..xo,1
.oxx.oox.,0
.xx.o.xo.,0
xoxxxo..o,6
xxoooxx..,7
...x.xo.o,0
...o.x..x,0
x...xo...,1
xoo.x....,3
xx.o.o.xo,2
xo....oxx,2
x.oo.xx.o,1
o.ox....x,1
oxxo.oxox,4
x.x.o..o.,1
..xo...xo,0
xx..ooxxo,2
.o.x.oxx.,0
.oxxxoo.x,0
.xxxo.oxo,0
x.ox....o,1
oo.....xx,2
.o.oxo.xx,0
..oxoxx..,0
.o.ox.x..,0
.ox...ox.,0
o.x.xx.oo,1
x...x.oo.,1
..ooxxxo.,0
xxo....ox,3
o.xx.oox.,1
o.o.xxxox,1
xx.oo..ox,2
.xo....xo,0
.oxxx...o,0
xo.x.x..o,2
..xo.oxx.,0
.oox.xx.o,0
o......xx,1
oxxo.o.xx,4
oxx..o.ox,3
o.xxx.oo.,1
xx.o..ox.,2
oo.x..x.x,2
xox.xooxo,3
oxo..xoxx,3
x...xox.o,1
oo..x.x.x,2
...oxxxo.,0
.oo.x.xx.,0
oxx.xo...,3
o.ox.xo.x,1
ox.x.o..x,2
x.ox.o.x.,1
oxxx..xoo,4
xo.o.xoxx,2
...o...x.,0
x.xoxxoo.,1
..xx.o.o.,0
x.x..o.xo,1
..o.xooxx,0
.o.x.xoox,0
x.oo..xx.,1
.ooxx..xo,0
xoxo.xo..,4
..xox...o,0
oxox.ooxx,4
oxox.xxo.,4
xox.....o,3
ooxx.oxx.,4
xxo..xo..,3
ox.xo...x,2
.x.o.o.x.,0
xxo.x..o.,3
xo...xoox,2
.ooxx....,0
.oxx.xo..,0
.oooxx.xx,0
.oxx.oo.x,0
.ooxx..ox,0
oo...xx..,2
......x.o,0
.ox.xo..x,0
..x.ooxox,0
o....x...,1
...x...ox,0
.o..oxxxo,0
.ooxoxx..,0
..o...oxx,0
x....ooxx,1
xx.ooxoxo,2
x..xooox.,1
...ox.o.x,0
x....oox.,1
oox..x.x.,3
xooo.xx..,4
.o.x...xo,0
.ooxxox.x,0
.o.x.xxo.,0
xx..o.xo.,2
xxo..xoo.,3
...xoxo.x,0
oxox....x,4
oxxoxo...,6
oxxo..xo.,4
...xo.x..,0
..ox.xoxo,0
xoxxxoo..,7
..o..x..x,0
xo..x.o..,2
.ox.o..x.,0
.xx.o...o,0
o.o.xxox.,1
.oo...xx.,0
xoo..oxx.,3
ox.x.xo..,2
.ooo.x.xx,0
x..ooxxxo,1
..ox..o.x,0
o...xx..o,1
xoxxo.oxo,5
x...xxo.o,1
.xooox..x,0
ox.xox.ox,2
xo.ox..xo,2
x.xo..o.x,1
xx.oo.xox,2
oo..xxxxo,2
x.xxoxo.o,1
.oxxo.oxx,0
.xox.xoxo,0
.ox..xxo.,0
o.xx.ox..,1
.o..xx.xo,0
ox.xx.xoo,2
xo.x..ox.,2
x.oox.x.o,1
.xx....o.,0
x...oo.x.,1
x.ox.o...,1
.o..x.ox.,0
.xxo.o.x.,0
xx.o....o,2
x.xxoo...,1
o.xx.oxo.,1
xox...o.x,3
..xo..o.x,0
oox.xx..o,3
oxx...xo.,3
.xoxo..ox,0
.xoxoo.x.,0
oo.x.ox.x,2
..o.ox.x.,0
oo.x.xox.,2
.xxoo.ox.,0
xooo.xxox,4
x.o.oxxo.,1
.oxoxo..x,0
o.xxo...x,1
x..ooxxo.,1
x.oxxo...,1
.x..x..o.,0
o.x...x.o,1
x.o.oxx..,1
.ooox..xx,0
x.x.oo.ox,1
oxxxo.o.x,5
x.o.oo.xx,1
ox.oxx.ox,2
..xoxo..x,0
xxo..o..x,3
.xxx.o.o.,0
oxo..o.xx,3
xoooxx.xo,6
oo.xo.x.x,2
o.o..xx..,1
.x.ox....,0
..xxox.o.,0
ox...xx.o,2
.x.xo.o.x,0
x.o..ox.x,1
xo.oxox..,2
oo..xx...,2
.xox.xoox,0
.oxx.o.ox,0
oxx.o.ox.,3
.xx..ox.o,0
.o.ox..xx,0
.xx.xo..o,0
.xx.xo.o.,0
o.x.xxoo.,1
x.o.x.ox.,1
x.oooxxxo,1
.xx.x.oo.,0
o..xoxoxx,1
o..xox.ox,1
.oox.ox.x,0
xxo.x.o.o,3
.o.xx.o..,0
xx.o...ox,2
xo.ox.xxo,2
.o.xx.xoo,0
o.x...xxo,1
.xo.oxx.o,0
xoo.xxxo.,3
o..o.xxxo,1
xoxoxo.x.,6
.ox.xo.xo,0
.oox.xx..,0
oo.x.xx..,2
.x.xxo..o,0
ox...o..x,2
x.x.xooxo,1
.xox.x..o,0
.xxxo.oox,0
..o..ox.x,0
ox..o..x.,2
oxox.ox..,4
o.oxx.oxx,1
xox.ooxx.,3
...xox...,0
ooxxx..xo,5
o.x.xo...,1
x.xo...xo,1
...xox..o,0
o.xx....o,1
.xo...o.x,0
..oxox.ox,0
xxoo.xo..,4
oxxo..x.o,4
xoox.x.ox,4
.oxx...o.,0
x.xoxo.o.,1
..xo.xx.o,0
x.o..xx.o,1
..o.xx.xo,0
.xxo.ox..,0
..o..xxo.,0
.o..x..xo,0
x..xoooxx,1
xxo..oxo.,3
x....x.oo,1
..ox.xx.o,0
.oo.xxx..,0
o.ooxxx..,1
xx...oxo.,2
ox..xx.o.,2
xxoo.xo.x,4
.x.xo..xo,0
ox..oo.xx,2
...o.xx.o,0
oxxoo.x.x,5
o..xxo...,1
.ox.xo.x.,0
....xoxox,0
.xxx.oxoo,0
oxooxxx.o,7
xoo..x...,3
..xx.xo.o,0
xoo..x..x,3
..xoxxo..,0
xoox.xo..,4
x.xoox..o,1
.xxo.oo.x,0
..x.x.oo.,0
ox.o.xxo.,2
xoxoo.oxx,5
..xx..xoo,0
xo..xxo.o,2
o..ox.x.x,1
x.oox..xo,1
.xox..ox.,0
.xooo.xx.,0
x..xoo...,1
.xo.o.x..,0
oxox..x.o,4
ox.o.x.x.,2
x..ox..o.,1
o..xoxo.x,1
x.oo.o.xx,1
..x..o.x.,0
ooxx..xxo,4
.o.oxx.xo,0
x.x....o.,1
x..o...ox,1
..x.xo..o,0
.oxxoox.x,0
xooxx.ox.,5
.oo..xxx.,0
.x.o.xox.,0
oxoxox..x,6
ox.o..x..,2
oxoxoox.x,7
.oooxxxox,0
oox....xx,3
xooox.x..,5
ox.oxxxoo,2
x.ooxx..o,1
x....xoox,1
ooxx.xxoo,4
x.xoox.o.,1
x.oxx.oxo,1
xoxox.ox.,5
..oxx.xo.,0
.o.xxo..x,0
o..x.xx.o,1
.x.o..x..,0
xx.o.ooxx,2
x.o...xxo,1
x.o.o...x,1
.o.xx..o.,0
ox.x.o.ox,2
..x.oooxx,0
x..o.ox.x,1
oo.xoxoxx,2
o.xx..oxo,1
x.xox...o,1
o..xx.ox.,1
xoo.xxx.o,3
..ox.ooxx,0
xo.o.xx.o,2
.o.xx.xo.,0
.oxx..x.o,0
.o.xooxx.,0
x..oxx.oo,1
.xo......,0
.ox..ox.x,0
ox.xoox.x,2
.oo.ox.xx,0
.xo.x.o..,0
.o.xxoxox,0
..xxo.oxo,0
o.ox.x.ox,1
xxo.oxx.o,3
.x..o.x..,0
..ox.x.o.,0
.xxoox.xo,0
o..x.x.ox,1
ox...x.xo,2
...x.xo..,0
.xx.ooox.,0
x..oo.xox,1
oxoxo.xx.,5
oxoox...x,5
oox.oxx..,3
ox.x.xoox,2
xox..o.x.,3
.xx.ooxxo,0
..xo...x.,0
xx..oo.ox,2
oxoxx.o..,5
.o....xx.,0
x.x...oox,1
.o.x....x,0
..o..x.xo,0
xx...o.o.,2
.xoo.xo.x,0
.x....xoo,0
.oxox..x.,0
x..o..x..,1
oxxoo...x,5
.x.o.x...,0
ox.oxxx.o,2
oxx..xoxo,3
.o..xxoxo,0
x.o..xox.,1
xxoo.x..o,4
xxo.ox..o,3
.ooxx.xxo,0
...oox.xx,0
oxoooxx.x,7
oxxo.....,4
xxo.o.xo.,3
.o.xoxx.o,0
ox..oxox.,2
o.x..xoxo,1
xoo..x.ox,3
xox.o.oxx,3
o.x...xox,1
..xxo.xoo,0
oo.oxxxox,2
x.xxoo.o.,1
.x..ooxx.,0
o.ooxxxx.,1
xxoo.xoxo,4
.oxxxooxo,0
.xx...oo.,0
.o.xx.o.x,0
x...o.o.x,1
..oox...x,0
oxxxoox..,7
..x.x...o,0
o.oxoxx..,1
.oo.xx...,0
.o.x..xo.,0
....ox.x.,0
x.x.x..oo,1
xxox.o.ox,4
oxxx.oo.x,4
x..oox.x.,1
.xo.xxoox,0
oo.o.xx.x,2
xoxo.x.xo,4
.oxx.xoo.,0
.oxxo.o.x,0
x.x..xoo.,1
.x..ox..o,0
xooxox..x,6
.xoxo...x,0
.ox.xxoo.,0
xoxo.oxxo,4
x..o.xox.,1
x...o.xox,1
xoo.xx.o.,3
.oox..x..,0
x.o..x...,1
oxo.xxx.o,3
oo.xoxxx.,2
x.xo.xxoo,1
o.x.oox.x,1
xo..xo.x.,2
.xox.ox..,0
...x.o.ox,0
.xxoxoo..,0
xoxx..o.o,4
oox..ox.x,3
..xxxoo..,0
.ox.o.x..,0
xx.x.ooo.,2
xx.ox.xoo,2
xx.x.oo..,2
.ooxoxxxo,0
x.ooox.xx,1
oxooxx...,6
..x.xoo..,0
oxo.x.o.x,3
oxo.xox.x,3
x...x.oxo,1
x.x...o.o,1
xox.x.o..,3
.oxo..xxo,0
o....xox.,1
....x...o,0
.x.xo.o..,0
oo...xxox,2
xox..x..o,3
oox....x.,3
.ox.oxx.o,0
...oxxox.,0
x.xoo.oxx,1
xox..x.o.,3
..oxoxxo.,0
.xo.oxxxo,0
.xoxo.x.o,0
xx.ooxoox,2
xo.ox....,2
oo..xx..x,2
xx.....o.,2
.xoooxxx.,0
xo.x..o.x,2
ox.xx...o,2
o.oxx...x,1
x..o...xo,1
..x.o.xo.,0
.ox.....x,0
x.oxoo.xx,1
.xoxxooox,0
oox.x.oxx,3
oxx.x..oo,3
ooxxoox.x,7
x.xxox.oo,1
..x.ox.o.,0
oxx...x.o,3
x.x.ooxxo,1
oxx.ooxox,3
x.xoo....,1
o.x..x.o.,1
.x....o.x,0
.x.x.o..o,0
x.x.ox.o.,1
..x.ox.xo,0
ox.xo....,2
..xxoo.ox,0
.x.oox..x,0
x.ox..oox,1
.xox.xo.o,0
.x..oxx.o,0
..o..xoxx,0
oxox.oxox,4
xxooxxoo.,8
xoxx.o...,4
x.oo.x.x.,1
.xx.oo.x.,0
....oxxo.,0
..x..x.o.,0
oxx.x.o..,3
.xx.ox..o,0
xx.xoo..o,2
o.x.x..ox,1
...xx..o.,0
.o.xx....,0
.xxo.ox.o,0
o..x.o.xx,1
xo.xo.ox.,2
oxx.ox.o.,3
ox.xxox.o,2
o..ox.x..,1
x.x.o....,1
x...ooxox,1
..o.xo..x,0
ooxx.ox.x,4
.oo...x.x,0
xxo...ox.,3
.x.o.xxo.,0
ooxx.....,4
xox.o..x.,3
oxxoxo.ox,6
..x..x..o,0
xxooxo...,6
x.o.x.xo.,1
o..x....x,1
xx.o.xoo.,2
oxx..oxo.,3
xxooo.x.x,5
..xo.x...,0
oxo.xoxox,3
x.x.xo..o,1
ooxx.ox..,4
o.xxo.oxx,1
..oxo.xxo,0
.x..x..oo,0
.x.xxooox,0
xox.x.o.o,3
.oxx.ox..,0
xo...o.xx,2
xxo.ox.ox,3
x..xo....,1
...ox..xo,0
x..xxo.oo,1
...oxxo.x,0
ooxx..xo.,4
o.xxxo.ox,1
x.o.x..o.,1
ox...xoox,2
x.xo.ox.o,1
.o..x....,0
xxo...o.x,3
xo.x.o..x,2
x.ox.xo.o,1
.xox..xo.,0
.oxxo.xxo,0
..xxo...o,0
ox.x.oo.x,2
xoxxox..o,6
x..oo..x.,1
xoo.xxoxo,3
x.xo.oox.,1
.xoo.o.xx,0
o...xxo.x,1
ox.x.xoxo,2
x...xooxo,1
xxo.xxoo.,3
o.xoox.x.,1
.xo..o.xx,0
ooxxo.xx.,5
xxoox.x.o,5
xo.xx...o,2
.ox...oxx,0
x..oxo.xo,1
oo.xxox..,2
.o.x.x.ox,0
xx.o..oox,2
.o..xoxx.,0
oxx..xo.o,3
oxo.xx...,3
.xoxoox.x,0
xo...oxxo,2
...xo.xo.,0
xoox.o.x.,4
o.x..x.xo,1
x.ooo.x.x,1
o.xo.o.xx,1
...xxoox.,0
.o..xox..,0
.x.x..xoo,0
.xo..xo.x,0
x.o....x.,1
.x.ox.x.o,0
ox.xo.x..,2
...xooxx.,0
x.x.oox..,1
xo..x.xoo,2
..o.ox..x,0
oo..xxox.,2
ooxxox.x.,6
o.x..xox.,1
o.......x,1
xoxx..oox,4
x...o..x.,1
x.o...x.o,1
xxoo..ox.,4
.o..x.x.o,0
...oo..xx,0
x.xx.o.oo,1
o.ox.xxo.,1
..o.x.xxo,0
o.xo..x.x,1
x....xxoo,1
..oo..xx.,0
xxo...oxo,3
oo.xoxx.x,2
xx.oxxo.o,2
o.oxx.x.o,1
xo..ox.x.,2
.xx.o..xo,0
oxx..xo..,3
x.o.ooxx.,1
xxo..xoox,3
o.oxox.xx,1
xxoxoo...,6
ox.o..xxo,2
..xooxox.,0
.xo.x.xoo,0
xxoox.xo.,5
.xoo.xoxx,0
ox...xoxo,2
oxo.oxxox,3
.oxo.x.xo,0
.o.xoxox.,0
..xx.oox.,0
o.x..o.x.,1
x.x...oxo,1
x....xo..,1
x.xoxx.oo,1
oo.xx.xo.,2
.x...x.oo,0
o...oxxox,1
o.xxx...o,1
x....ox..,1
x..o.oxx.,1
o.xxx..oo,1
o..xxox.o,1
oo.xx.xox,2
x.oxox.xo,1
.oxxxoox.,0
ooxxo..xx,5
o..xxo.ox,1
.o.ox.xxo,0
..ox..xxo,0
o.ox.o.xx,1
xo..xox..,2
xooo.xoxx,4
.x....oox,0
ooxo..xx.,4
xo...xo..,2
x...ox...,1
xxo.o.xxo,3
x.o....ox,1
..xxo..o.,0
xo.oxxoxo,2
.x..o.xxo,0
ox.x.o...,2
....xx.o.,0
.x.oo.xx.,0
x....o.ox,1
xox......,3
.ox.x..ox,0
.xoox.x..,0
.x.x.o...,0
xo.o.xox.,2
.o.....xx,0
.oxxx.o..,0
oxoxo...x,5
o...xooxx,1
x.xxo.oox,1
oxoxxoxo.,8
.xoo...x.,0
.oox.xxo.,0
xo...xxoo,2
x.ox.ooxx,1
xoxoo.xxo,5
o.xox..x.,1
oxxx.oox.,4
.o..xoxxo,0
o..ox.xxo,1
xooxx..o.,5
.x.ox...o,0
x..oox...,1
.xox.oox.,0
..ox.o.xx,0
.xxo..o.x,0
x..xoxoox,1
.xxxoo.ox,0
.oxo..xx.,0
.xxx.o..o,0
...ox...x,0
xoxo..oxx,4
oxx.xoo.x,3
x..o.ooxx,1
o...xoxxo,1
xx.o..x.o,2
.....o.xx,0
.xo...xox,0
x.ox...o.,1
x...x...o,1
...ooxx.x,0
xx.ox.o..,2
oxx..o.xo,3
xoxx...o.,4
.o..xxo.x,0
xo....xo.,2
xo.oxo.x.,2
.o.xoxx..,0
.xxxo...o,0
o..o..x.x,1
....x..xo,0
..xoxx..o,0
.x..o.xo.,0
.x.xoo..x,0
.x..o.o.x,0
o..xx.oox,1
.........,0
oxox.x.ox,4
xo.x..o..,2
xox..o..x,3
x.xooxxoo,1
...xoo.xx,0
........x,0
.xo.x.o.x,0
x........,1
oo.x..xxo,2
.ooox.xx.,0
x..x.oo.x,1
..xo.o.x.,0
.o.xo.xxo,0
..xxx..oo,0
ox...x.o.,2
ox.x..xoo,2
x..x..o..,1
...xxoo..,0
..x.o.xox,0
.x..o..ox,0
.xox.xoo.,0
ooxx.xox.,4
.oxxox..o,0
.oxxo..x.,0
x.xxo.o.o,1
..x.o.xxo,0
...ooxxxo,0
xxoo.....,4
oxxoo.x..,5
oxxo.xxoo,4
...x.ox..,0
.x.oo..xx,0
xo..xxoo.,2
.xo.xx.o.,0
xx.o.oxo.,2
ox.o.x.ox,2
o..xo..xx,1
xo.oxx..o,2
xox.xoox.,3
xoxo..xo.,4
xx.x.o.oo,2
ox.o.xx..,2
xx.ox..oo,2
x.o.o.xx.,1
.xox.oo.x,0
xoo.ox..x,3
...oxoxox,0
..xox..ox,0
xo..x.oxo,2
xoo...xx.,3
o.x..o.xx,1
o.xxxoo.x,1
ox.oxx..o,2
xox....xo,3
oo..xxxo.,2
..xx..oo.,0
ooxx.o.x.,4
xxoo..oxx,4
oxooxx..x,6
.oox.oxx.,0
xoo.xxo..,3
o.ooxxxox,1
x...x.xoo,1
.o..xo..x,0
o.o..xxx.,1
oxo...x..,3
.oxxoo.xx,0
x.x.....o,1
.xx.oo..x,0
oxx....ox,3
.x..ooxxo,0
.x.o..x.o,0
..xx..oox,0
.o.x.o..x,0
.o..o..xx,0
.xo.o.xxo,0
.x.oxo.ox,0
....o..xx,0
oxo.x..ox,3
..xxoox..,0
.ooxxoxox,0
.xx.oo...,0
..xox.o..,0
.oox.x.ox,0
xxo.o.x..,3
x.xox..o.,1
o..xox.x.,1
xo..xx.o.,2
.o...x...,0
oxox.o.x.,4
..x.oxo..,0
..x..oox.,0
.ox..oxx.,0
..o.x.oxx,0
o..xo.x.x,1
xx.o.xoxo,2
x....xoo.,1
oxx..o.x.,3
..oxx.o.x,0
.x.xox.oo,0
.xo..ox..,0
...oox.x.,0
.x.o..ox.,0
xx.xxo.oo,2
x.ooxx.o.,1
.o..xxx.o,0
x..o.o.xx,1
o.x.o.oxx,1
..o.xxox.,0
xx..ooo.x,2
oxooxx.ox,6
..x.xo...,0
.oxxx.oox,0
..xoo..x.,0
.oxox.oxx,0
xox..o.ox,3
.xo.o..xx,0
ooxxxo.ox,6
x.oox.x..,1
.o.xo.oxx,0
o.xxxo.xo,1
.o.xo..xx,0
..o.xx.ox,0
oox.o.xx.,3
.x..xo..o,0
o.o.xxoxx,1
o.oxxoxx.,1
x.x.o.x.o,1
...x.oxxo,0
o..ox..xx,1
x..ox...o,1
x.x.oxoxo,1
.xooxox..,0
xo...x..o,2
o.xox..ox,1
.ox.ooxx.,0
oo.xxo..x,2
.x.xo..o.,0
xoxo.o..x,4
....x.oxo,0
.xxo.oox.,0
..xo..ox.,0
xoo.xx..o,3
xo.xox...,2
x.o.xo...,1
..o.o.x.x,0
.xx.oox..,0
.ox....x.,0
oxxoo..x.,5
.x..x...o,0
...xoxx.o,0
xo..o..x.,2
xxo.o...x,3
xoxx.o.o.,4
ooxox...x,5
xox...xoo,3
..oo.x.x.,0
xxo..oo.x,3
o.xx.o.ox,1
ox.o.o.xx,2
..xx....o,0
.oo..xx..,0
xo...o.x.,2
.xxxxoo.o,0
.oo.x.oxx,0
ox...x.ox,2
x..ooxoxx,1
oxxx.oxo.,4
xo..oxx..,2
x..xxooxo,1
...xxox.o,0
...xoxoox,0
oxo.xx.o.,3
x..o.xx.o,1
..o.xox..,0
x.x..x.oo,1
.xooxxx.o,0
.xo..x.ox,0
xox...ox.,3
x.oxx.oo.,1
oxx.o....,3
o.xoo..xx,1
..oxx..ox,0
...xoox..,0
xo..o.oxx,2
xxox.x.oo,4
.xxx...oo,0
xxoxo....,5
ox..xoxo.,2
x.xxooo..,1
xo..xox.o,2
.xooxxoox,0
x...oox.x,1
.o.x.xo..,0
x.ooxxxoo,1
oxxxoxoo.,8
oxxx.o.xo,4
xxo.o..ox,3
xo.oxx...,2
xxo.oox.x,3
.x.oox.ox,0
xooo.xxxo,4
..xo.oxox,0
oxx.o..x.,3
.x.xoox..,0
o..xxoox.,1
o....xx.o,1
....xox.o,0
.xo.xoxo.,0
...o..xx.,0
....xxo..,0
.oo..xxox,0
.xo.xxoo.,0
o.....xxo,1
oo...xxxo,2
x..oxo...,1
oxo.xo..x,3
..o...x.x,0
xx..oo.x.,2
x.x.xo.oo,1
o.ooxxxxo,1
oox..xx..,3
.oo....xx,0
xooxo..x.,5
.oxo.xxo.,0
.o.oxoxx.,0
o.x..xxoo,1
x.o.xxo.o,1
o..x...x.,1
.oo..xoxx,0
xo...x.xo,2
oxxoo.xx.,5
.oxxx..oo,0
oxo.x.xox,3
.ox...x.o,0
x.x.ooox.,1
.x.xoo.x.,0
.xoox.xo.,0
o.xxxo...,1
.xx.o.x.o,0
.oxo.o.xx,0
.oxx..ox.,0
x.o.oxxox,1
.x.xoo...,0
xo.x.oox.,2
.x...x.o.,0
x.xoox...,1
xoox...ox,4
xox..ox..,3
.xooo.x.x,0
xo.x.ooxx,2
ooxx.xo..,4
..xooxxxo,0
..xx.oxo.,0
o....xxox,1
xx.o.x.o.,2
..xxxooxo,0
..oxo.xx.,0
xo.xoxox.,2
xox..oxox,3
x..o.xxo.,1
oo.xxoxxo,2
x.xooxoxo,1
oxoox.xox,5
xoxooxx.o,7
o..x.ox.x,1
ooxxx.o.x,5
..oooxxx.,0
oxoxx.xoo,5
x..oxxoo.,1
..o...x..,0
xo.oo.x.x,2
.x..o.xox,0
.oo.x..x.,0
o..ooxx.x,1
o.xxx.o.o,1
x.xo.xo..,1
oxx..oo.x,3
o.oxxox.x,1
.x.ox.xo.,0
.xx.xooox,0
....ox..x,0
x.ooxx.xo,1
.xx.xoo.o,0
.xxxo.xoo,0
ox.x.x.o.,2
x.x.o.xoo,1
xxoxo...o,5
oo.o.x.xx,2
oo.xx..ox,2
ox..o.xox,2
.xxxoxo.o,0
xx...o.ox,2
.xxx.ooox,0
.oxoxooxx,0
oxxxooxo.,8
.o.x.....,0
.xx.....o,0
x.o.xxoxo,1
o..o.xx..,1
.xx.o.xoo,0
xxo..x.oo,3
oxox...xo,4
oo.xo.xx.,2
oox.o.x.x,3
.....xx.o,0
x.xxooo.x,1
xxoooxx.o,7
..o.oxxx.,0
x.x.o..ox,1
xo.ooxxx.,2
oxo..x.xo,3
x...xo..o,1
x.xooxx.o,1
oxx..ooxx,3
.o...xxxo,0
...o..x.x,0
.ox..oxxo,0
o.o.xxxxo,1
oxx..x.o.,3
x.oo..x.x,1
xo.xxo...,2
xo..x...o,2
oxxxo..o.,5
..ox.xo.x,0
.o.....x.,0
xox..o...,3
x.oox.ox.,1
.x.oox...,0
o.o.x.xx.,1
xoxxxoo.o,7
o..oxx.x.,1
oxxoox.x.,6
..xox.ox.,0
..o.....x,0
x.x..oo..,1
.ooxx.xo.,0
.oxxxo.o.,0
ox....x..,2
.xo.o.x.x,0
.xx.ooxo.,0
x.oo.xxox,1
..x..oxxo,0
o.oox.xx.,1
ox.oxx.o.,2
..xx...o.,0
x...o.oxx,1
o.o..xoxx,1
xo.ox.xo.,2
.ox..ooxx,0
.x.o.ox..,0
.xoxoo.xx,0
xo..o...x,2
oo...x..x,2
o.x.xxoxo,1
xo.ox.x.o,2
x.x..o..o,1
..x..o...,0
.xxoxo...,0
.x..oxoox,0
x.o.xxxoo,1
.xox.xo..,0
....oxxox,0
o.xxoxox.,1
.xxxo.o.o,0
x.x.oox.o,1
.xx.o.oxo,0
oxoxxo.ox,6
ox.oxx...,2
..x.oxxoo,0
x......o.,1
...x..oox,0
..xx.o.ox,0
xx.xo.oox,2
....o.oxx,0
....oxo.x,0
o.xx..x.o,1
x.xoo.xo.,1
o.xxo.xox,1
.oo.xox.x,0
.x.x...oo,0
ox.xxo.o.,2
o.xx.o...,1
.ox.ox.xo,0
.xxox...o,0
o.oxx.o.x,1
ox.xo..ox,2
o.xxxo.o.,1
xx.oo..x.,2
xox.o.o.x,3
o.xx.o.x.,1
x..o.x..o,1
.xxoxxoo.,0
.x.oxxoo.,0
oo.xxoxx.,2
....xo.xo,0
x....o...,1
oxxo.ox.x,4
xxo...o..,3
ox...ooxx,2
..ooxxox.,0
xxo.ooxx.,3
xx..o.oox,2
.xxo.oxo.,0
..o.xxx.o,0
xx..o..ox,2
xxo.ox.xo,3
.xoo.xx..,0
x.o....xo,1
xoox.....,4
xxo.oo.x.,3
o.x.x.oxo,1
x....oxxo,1
xoox.x..o,4
xx.o..o..,2
.xxo...ox,0
xo.o.x..x,2
.ox.xx..o,0
..xx..o.o,0
oo.oxxxx.,2
xoooxoxx.,8
o..xxox..,1
.xoo.xxo.,0
o..x.x.o.,1
ox...x..o,2
.o.x..xxo,0
ox.xxo.ox,2
x.xxo.oxo,1
xoxxoxo.o,7
x..xx.o.o,1
x..oxxxoo,1
.oxxo.x..,0
.x.xxo.o.,0
.xo...x.o,0
xoxx.ooox,4
.....xox.,0
o.x.ox...,1
xoxxo.o.x,5
xo..oox.x,2
.oox..xx.,0
oox.xxox.,3
xox....ox,3
xoxo.ox.x,4
o..ox.xox,1
xx..xooo.,2
xo.oox.xx,2
ox.xxooox,2
xx...oo..,2
.xx.x.o.o,0
oox..xox.,3
xx..o....,2
x..oox..x,1
oo.oxx.x.,2
.oo.x.xxo,0
o..xxoo.x,1
..xxxo..o,0
ox.x.o.xo,2
..x.oo.xx,0
.x..ooxox,0
.ox.oox.x,0
o.x..xxo.,1
x...o.ox.,1
oxxx....o,4
.x.x.oox.,0
.xooox.xx,0
.xxx.o.oo,0
x...oo.xx,1
o.xx.x.oo,1
.o.oxxo.x,0
..oxo...x,0
xo..oxoxx,2
x..oo.xx.,1
.oxx.x.o.,0
x..o.xoxo,1
x.xo.o.ox,1
...x.x.oo,0
..ox..xo.,0
xoxxx.o.o,5
..oxoxxox,0
xxo....o.,3
oxo.x...x,3
xo.xoxo..,2
x.xxo..o.,1
..xo.o..x,0
oo.xx.x.o,2
oxox.....,4
x.ooxxxo.,1
o.x.xoo.x,1
xx..o..xo,2
...x.x..o,0
oox..xxo.,3
...xoox.x,0
ox.ox..ox,2
..x..xoxo,0
x..xx.oo.,1
xo.xx.o..,2
o.oxoxxx.,1
.x.oxxo.o,0
xox....o.,3
oxxx.oxoo,4
.o..ox.x.,0
.xxo.xo.o,0
o.x...ox.,1
.xoxox.ox,0
.x.o.x.xo,0
xo.oxxx.o,2
xxoo.xxoo,4
.xoo.xxox,0
o.oxo..xx,1
..oxx...o,0
x..xo..ox,1
..oxxo..x,0
x..o.x.ox,1
oxoxo.x..,5
xx..oxo.o,2
..x..x.oo,0
..ox.oxox,0
x.o.o.x.x,1
xxox..oxo,4
.x.x.xoo.,0
o.oxxo.xx,1
xx.oox.o.,2
oo..x.xx.,2
o.xxo.x..,1
...oxx.xo,0
oox.x.o.x,3
.x....x.o,0
xx.xoooox,2
xooo.x.xx,4
xxooxx.oo,6
x.o.oox.x,1
o.o..xxxo,1
oxxx.o...,4
.xo...oxx,0
xx.xxooo.,2
.oxoxx.xo,0
x.xoo.xxo,1
o..xo...x,1
oxo.oxx..,3
.x..oo.xx,0
ox..o.x.x,2
x.xox.o..,1
..oxxo.ox,0
oox..xxxo,3
ox.xo.o.x,2
....xooxx,0
x.x..ooox,1
o.xxooxox,1
xoxo...ox,4
xxox.oo..,4
...ox.oxx,0
.xx...o.o,0
.oooxxoxx,0
xox.xo...,3
.oxx.oxox,0
x.xxoo.xo,1
..ox.o.x.,0
xxox..oo.,4
...xx.oxo,0
o.xx..xoo,1
xxoo.xxo.,4
ox.o..x.x,2
x...xx.oo,1
..oxooxx.,0
xxo.o..x.,3
o.x.oxox.,1
x.ox..ox.,1
..x.oox..,0
xo.....xo,2
o.x.xo.x.,1
..oox.x..,0
xo.o.o.xx,2
o.oxx..ox,1
ox....xox,2
oxo..xox.,3
..o.xx..o,0
x..oox.xo,1
o.o...xx.,1
o..xxooxx,1
x.xo.o.xo,1
o.ox.xoxx,1
xxo.x...o,3
xxox..o.o,4
.xo..oxox,0
ox.xoo.xx,2
..xoox.x.,0
.xoo..xxo,0
.ooxxox..,0
o....x..x,1
oo.x.x.x.,2
..ooox.xx,0
..xo.xxo.,0
xx..oox..,2
o.....oxx,1
..ooxxx.o,0
o.o..x..x,1
xoox.x.o.,4
..o.x..xo,0
ooxx..x.o,4
.xo.o.xx.,0
o....xo.x,1
.xxxooox.,0
o.oxxo.x.,1
x.x.ooxo.,1
.o....x.x,0
xoxxo...o,5
.x..oxo..,0
..x.o..x.,0
ox.o.x..x,2
.oxx.ox.o,0
o.xx.xo..,1
ox.xo.ox.,2
o...o..xx,1
xx..oxoo.,2
ox.ooxx.x,2
x..ox..xo,1
..x.oxoxo,0
x..x.o..o,1
..x..ooxx,0
ox.xo..x.,2
o.xoo.x.x,1
oo.xx.ox.,2
..oxxooxx,0
xoxo..xxo,4
.o...x..x,0
.xxxoo...,0
xxox.oox.,4
.xx..oo..,0
xx.xoo.o.,2
..xo....x,0
o.xx...o.,1
.xxxo..o.,0
.x.o.xx.o,0
xo.oxxxoo,2
xxooox...,6
oo.x..xx.,2
.ox...xxo,0
x..o.xoox,1
oxx...o.x,3
xo.xo.o.x,2
xo.o.xx..,2
...o.xoxx,0
oxoo.xxox,4
.......xo,0
ooxxxo.xo,6
.xxx.ooxo,0
.o.xo.xx.,0
oxxooxx..,7
oo..x.oxx,2
ox.xooxox,2
..o.oxx..,0
ooxxoxox.,8
xo.x.xo..,2
xxo.xo...,3
xoo...x.x,3
x...oo..x,1
oo.ox..xx,2
oo...xoxx,2
x.ooo.xx.,1
x...ox..o,1
..o....x.,0
.xoo..x.x,0
...xx...o,0
..oox..xx,0
x..xxo..o,1
.o.oxx.ox,0
o...x.xxo,1
ox..x.oox,2
o..x.....,1
.xxoo..xo,0
.xxox.oo.,0
o.o.x..x.,1
.xoooxx.x,0
x.o.x...o,1
o..x..o.x,1
x.o..xo.x,1
xo.xx.oxo,2
.xooxxxoo,0
.x.ooxox.,0
xo.x.o...,2
.o.o.xx.x,0
.xoo.x..x,0
xox.o.x..,3
.ooxx...x,0
oxxxoxo..,7
xooxx.o..,5
xx.xxoo.o,2
.....xoxo,0
oxxo.xxo.,4
ox.xox.o.,2
.xoxoox..,0
...x.o..x,0
.x.x.oo..,0
o.o.xxx.o,1
.x.x..oxo,0
.oxoxxo..,0
..x.xxoo.,0
xxoo.oxox,4
..ox...xo,0
.ooxoxx.x,0
.x.x.ox.o,0
.xoxo....,0
oo..x.x..,2
....oxx..,0
xx.xooo.x,2
x.ox.o..x,1
xo.xx.o.o,2
.x.o.ox.x,0
x.o.ox..x,1
xx.o..o.x,2
xox...xo.,3
...x.o.xo,0
xoo.oxx..,3
..x.oxxo.,0
.xoo...xx,0
ox.x.ox.o,2
...xxo.o.,0
xox...oxo,3
.oxo.x...,0
x.o.o.x..,1
xx.o..xo.,2
xoo.x.x.o,3
.oxoo..xx,0
ox...ox.x,2
xo...oxox,2
oxox..o.x,4
x.xxo...o,1
x.....o..,1
.x.oxxxoo,0
ox..xxo..,2
o.xxoox..,1
o......x.,1
xxo.ooxox,3
...x....o,0
x.xoo..x.,1
.xo.xoxox,0
o.x.o.xox,1
...ox.x.o,0
.o...oxx.,0
.o.x...x.,0
..xx.o.xo,0
xo...x.o.,2
.xxo.o.ox,0
o.xxoo.x.,1
.xxo.xoxo,0
o.oox.x.x,1
x.x.xo.o.,1
oxxx..oxo,4
.o.xxo...,0
xox.xo.o.,3
...ox..x.,0
oo.xx..xo,2
.....ox.x,0
xxoxox.oo,6
.x.o....x,0
oo..x..xx,2
.xx.o.o.x,0
..o.x.x.o,0
ooxxxoox.,8
..xooxx.o,0
ox..xo...,2
xxoo.oxx.,4
.xo.xo.ox,0
o..ooxxx.,1
x..o.xo..,1
..xo.xo..,0
oxx..x..o,3
xxoxxo.o.,6
o.xo.xxo.,1
o..xo.xox,1
..x.xo.ox,0
xo..oxx.o,2
..x.ooxx.,0
x.xo.xoo.,1
o.xx.ox.o,1
.x...oxo.,0
oxoxox.ox,6
ooxxxo.x.,6
.xxxox.oo,0
....xxoox,0
oxxxo..ox,5
.x..oox..,0
x.o.o.xox,1
.oo.xoxx.,0
xo.x.x.oo,2
.oxoxxoxo,0
xx....oxo,2
.ox.o..xx,0
..oxoo.xx,0
.x.o..xxo,0
.oxoxxox.,0
x.oo.x.ox,1
...o.xox.,0
x.o..o..x,1
...oxxx.o,0
oxox.x.xo,4
oo..xx.x.,2
o.xoxx...,1
.oox..xxo,0
xoxox..o.,5
xo....xxo,2
xoxoxxoo.,8
oxox..x..,4
..xxooo.x,0
.x.xx.o.o,0
ox..x....,2
x...ooxx.,1
xo...o..x,2
..xxoo..x,0
..xxo....,0
oxxxoo..x,6
xo.x....o,2
x.oxx.o.o,1
o.x.x...o,1
o..xo.x..,1
..xxoooxx,0
oxx.xooox,3
xoooxxx.o,7
.xxo...o.,0
.xxx.oo..,0
xo.xo....,2
.oxoxo.x.,0
x.oo..x..,1
xoxx..oo.,4
ox..xxoo.,2
xox.xo..o,3
.xo.ox.xo,0
.oxoo.xx.,0
oxxxxo.o.,6
oox.xo..x,3
xxo..x.o.,3
o.oxx.xo.,1
xoox.ooxx,4
.xoxx.oo.,0
.o.xoxo.x,0
o..x..xxo,1
x..xox.oo,1
x....oxo.,1
ox..oox.x,2
.x....oxo,0
x.ox.oo.x,1
.o..oxxx.,0
.ooxxo.xx,0
x..xoxoo.,1
.x.xoxoo.,0
..xx.ooox,0
.x..xox.o,0
ooxxx..o.,5
o...x.x.o,1
oxoo.xx..,4
xo..o.xx.,2
o.xoxx.xo,1
oo.xox.x.,2
.x...xo.o,0
...xo..x.,0
xo.o..x.x,2
x.o.xx..o,1
o.x..ox..,1
.xxoo.x.o,0
..oxx.oxo,0
.x.oxx.o.,0
xo.o.xxxo,2
o..xx....,1
ox.ox...x,2
.oxx.ooxx,0
xx.xo...o,2
.o...x.x.,0
ox.oxo..x,2
.x.x.xo.o,0
o.x.o.xx.,1
..xx.oxoo,0
..ox.o..x,0
...o....x,0
.o.xo.x..,0
xoxoo..xx,5
xx...x.oo,2
xx.o.xoox,2
x..o.oxxo,1
.o.o.xoxx,0
xoxoo..x.,5
.oooxx..x,0
ox...oxx.,2
o.x.xoox.,1
x..xoo.x.,1
x.oxx.o..,1
...oxox..,0
x.ox.xoox,1
x.o..o.xx,1
.xxx.ooo.,0
.o.xoxxxo,0
oxox.x...,4
x..xoxoxo,1
xoxoxoox.,8
oxx.oxxo.,3
o..o.xxox,1
.x.x..oo.,0
o.oxo.x.x,1
o.o.xx.x.,1
o.xo.x.xo,1
ox.xxo...,2
oxx....xo,3
xox.o...x,3
xox.oo..x,3
.oxxx.oxo,0
o.xx.xoo.,1
...x.o...,0
xo.xo...x,2
..o.xx...,0
x...o..xo,1
.xoo.xx.o,0
o.oxxooxx,1
oxx..o..x,3
oxo.ox.x.,3
oxxxx..oo,5
o.ox.x.xo,1
ox.x...ox,2
....o.xxo,0
..x..oxox,0
ox..xo.ox,2
ox..x.o..,2
..ox.x..o,0
oxooxxx..,7
..ox..x..,0
.o.x.ooxx,0
ox.x.....,2
.o...ox.x,0
..o..xo.x,0
o...xx.o.,1
xxoxox.o.,6
....xoxxo,0
oo.oxxxxo,2
.x..oxo.x,0
x.x..oox.,1
x.o.ox.xo,1
xxoo..o.x,4
xooox.xx.,5
oxox.xox.,4
o...xoxox,1
xooooxx.x,7
o..oox.xx,1
x....o.xo,1
..xoxoox.,0
o...xo..x,1
.oxxooxxo,0
.ooox.x.x,0
oxxo...ox,4
....oxx.o,0
x.x.xoo..,1
o..x.xxoo,1
xooxox...,6
xx.o.o...,2
ox.xo.oxx,2
oox...x..,3
oxoo..x.x,4
.ox...o.x,0
.ox.o.oxx,0
.ox.xooxx,0
xx.xo.o..,2
x.oxo..ox,1
....ox...,0
.oxxo...x,0
.o.xoxoxx,0
o.xx..oox,1
xx.ooxxo.,2
.ox.xo...,0
oo..x.xxo,2
xooxx...o,5
..x.o.oxx,0
xoxoxxo..,7
xoo.xx...,3
.x.o.o.xx,0
..oo...xx,0
..x.o.ox.,0
.xooxo..x,0
x.ox.x..o,1
x..xo..xo,1
x.x...oo.,1
....o.x.x,0
ooxxx.oox,5
.o.xxo.ox,0
.xxoox..o,0
o..x.x.xo,1
oox...xox,3
.x..ox...,0
.x.o.xoox,0
x..ox.xoo,1
oox.x.ox.,3
....oxoxx,0
.x.o.x.o.,0
o...xxox.,1
x..oxox.o,1
o..xx...o,1
x..ooxx.o,1
x.xx..o.o,1
.xooxx..o,0
.xxooxox.,0
.oxxo.x.o,0
xo.o.ox.x,2
o.xooxxx.,1
..xo.oxxo,0
oxxoxx.o.,6
.x.xox.o.,0
o.ox..x.x,1
..x.ox...,0
.ox.x.o.x,0
..x.....o,0
ox..ox..x,2
.ox.ox...,0
ox.o.x...,2
o..xo.xx.,1
...x..o..,0
oo.x.xo.x,2
..o..x.x.,0
xx...oox.,2
.ox.x.oox,0
xxooo.xxo,5
.o.oxox.x,0
..x.xo.xo,0
.o.x..x..,0
.xo.oox.x,0
.o.xxoxo.,0
x.x..o...,1
o.xxx.o..,1
oxoxx.oox,5
x.xoxo..o,1
.xoxx.o.o,0
.o......x,0
oxo..xxxo,3
xx.xox.oo,2
xox..xo.o,3
ox..x..o.,2
..xo.ooxx,0
xo.o.x...,2
oxxx...oo,4
oxoxxox..,7
.ooxox.xx,0
...xoxxoo,0
.x.xoo.xo,0
x.oxo....,1
x.xo..xoo,1
xxo..xo.o,3
oo.xx...x,2
ox.x..oxo,2
..xoxxo.o,0
...xoo..x,0
xoxo.ooxx,4
xox.xoo..,3
x..oxxoxo,1
xoxx.xoo.,4
xoooxxxo.,8
.oxo...xx,0
.x..xo...,0
.....oxox,0
o.ox.x..x,1
x.oo.xox.,1
oxoxooxx.,8
.x.x.oo.x,0
x..xx..oo,1
..x.o.x..,0
..oox.xxo,0
o.xx.....,1
x.x.o.xo.,1
ooxx..x..,4
.x.xxoo.o,0
xo.xox.xo,2
ooxx.x..o,4
x...o....,1
xx.oo.x.o,2
..xoox.xo,0
xo.o..oxx,2
ox.xx..oo,2
xx..xoxoo,2
.x.xoo.ox,0
x..ooxx..,1
ox.ooxxox,2
o...x..xo,1
.oo..xx.x,0
.xx..oxo.,0
...oo.xx.,0
..o.o.xx.,0
x.oxx..oo,1
x...xoxo.,1
oxoo.x.x.,4
o.x...oxx,1
oxoox.x..,5
.xo..xoox,0
.....ooxx,0
...ox.xxo,0
xxo.o....,3
o..oxoxx.,1
o.xoxo.x.,1
.o.oxxox.,0
xooo.xxx.,4
.oxo..x..,0
x.....xo.,1
ox.x.xoo.,2
.....x.xo,0
oxxo.x..o,4
oxxo...x.,4
.oo.x..xx,0
xox..x.oo,3
.oox..oxx,0
xx.oxoo..,2
..xxoxoxo,0
ooxxx.o..,5
x..oo.oxx,1
o.o.xoxx.,1
ox.xxoo.x,2
.xxo.o.xo,0
.xo...ox.,0
xoxx.o.xo,4
oxxx..o..,4
oxxx.o.o.,4
.xxo.oxox,0
x.xo..x.o,1
ox.x...xo,2
oo.ox.xx.,2
xox.ooxxo,3
...oxoxxo,0
...o.xxxo,0
oxxox..o.,5
.oxxoxo..,0
xox.ox...,3
.oo..xxxo,0
x...x..o.,1
o.x.x..o.,1
x.xxxoo.o,1
xo...xox.,2
.xxoox.o.,0
..ox.xoox,0
.o.xxo.xo,0
x.x.oo.xo,1
x.oox.xxo,1
o.ox.xox.,1
xox.ox..o,3
xoo.oxxxo,3
.oox.x...,0
.x.xox..o,0
..oxoxx.o,0
...xxooxo,0
ox...xo..,2
xo.o.x.x.,2
ooxxo..x.,5
.xo.ooxx.,0
x...ox.o.,1
oxx.xx.oo,3
.xo.x.xo.,0
.ox.o...x,0
xoxx.oo.x,4
.ox.xxoxo,0
oo..xox.x,2
.x.o.xxoo,0
xx.xoxoo.,2
..xxoxxoo,0
o.xx.ooxx,1
.xx..ooox,0
.oxx.o...,0
.oxx..o.x,0
xxo..ooxx,3
...xox.ox,0
.xx..x.oo,0
.xo..o.x.,0
..o.oxxox,0
xoxx.o..o,4
ox.xxoxo.,2
.oxo.xox.,0
o..oxxxo.,1
xo.....ox,2
oxxox....,5
xox..ooxx,3
....x.o..,0
xx..oox.o,2
o..o.xx.x,1
..oxxox..,0
.xxo.ooxx,0
ox.o.ox.x,2
x......xo,1
ooxx..oxx,4
.oo.oxx.x,0
xxooxx..o,6
.xo...x..,0
xx...o...,2
o.o.xx..x,1
....ox.ox,0
.xx.ox.oo,0
.xox..oxo,0
o.xx..xo.,1
.oxx.xxoo,0
.ooxoxxx.,0
xoxo..ox.,4
...x.oxox,0
..xxooxo.,0
oxoxox.x.,6
.x.o..xox,0
.xox..oox,0
oo.x...x.,2
ooxx..o.x,4
.oxox..ox,0
oxo..x.ox,3
x.oxox...,1
x.o.ox...,1
..ox.ox.x,0
xx....oo.,2
.x.ox..ox,0
.o..xx..o,0
xoo..ox.x,3
x.oo...x.,1
xxoo.ox..,4
o..x..xo.,1
xoooxx.x.,6
o.xo.x...,1
.xxxo..oo,0
xoxoo.xx.,5
..xxox..o,0
.ox..xxoo,0
..oxxo...,0
x.x.oo...,1
.xoox..ox,0
.o.x.x.xo,0
xoox...x.,4
.x.oxo..x,0
....xxoo.,0
...xox.o.,0
x.xoxxo.o,1
xoo.x.xxo,3
.oxox.ox.,0
..xxoox.o,0
.xo.xxo.o,0
..o.xxxo.,0
o.x....x.,1
o...xxoox,1
ooxoxx.x.,6
..o.o..xx,0
o...xx.ox,1
..xx.x.oo,0
...o.x.xo,0
o.....x.x,1
xo.x.....,2
ox.x.x..o,2
ox.....x.,2
xo....o.x,2
..oo.xxox,0
.ox.ox.x.,0
x.xo.o..x,1
o.x...xo.,1
.xxxooo..,0
x..o...x.,1
oox.xx.o.,3
.x...xxoo,0
o.x.x.o.x,1
xx..o.xoo,2
xx.ox.o.o,2
x..xooo.x,1
.x.o.xo.x,0
.ox..x...,0
.xooxox.x,0
..xo.x.o.,0
...x.x.o.,0
.xx..xoo.,0
x..xo.ox.,1
oxo...xox,3
oxox...x.,4
o..oxo.xx,1
o...x.xo.,1
xxox.oo.x,4
o...xx...,1
oox.xx.xo,3
oxxxxo..o,6
o.xoxx.o.,1
xo.oxxxo.,2
xo.x...xo,2
xxooo.xx.,5
.o...o.xx,0
...xo.x.o,0
xoxx.oox.,4
xxooo..x.,5
x.xox.oxo,1
oo..oxx.x,2
.o.xo..x.,0
x..ox.ox.,1
x.o......,1
xx.oox.ox,2
o...xox..,1
oxx.xo.ox,3
xxo....xo,3
..ox...x.,0
oo.x.xxo.,2
......ox.,0
x.o..x..o,1
xox.x.oxo,3
oxx.....o,3
..o.xx.o.,0
x.xox..oo,1
...xo.oxx,0
x..oxoxo.,1
.xxox..o.,0
..x.xooox,0
.ox.oxxxo,0
..ooxxxox,0
....xxo.o,0
xx.o.oo.x,2
.o.x.x.o.,0
oxx.oo.x.,3
x.oo.ox.x,1
o...x...x,1
.x..oxox.,0
xxoo..x..,4
ooxxx...o,5
oo.x....x,2
x.ox.xoxo,1
ox.x....o,2
xox.o.x.o,3
.o..oxx..,0
xxo.x.o..,3
ox.x..ox.,2
x.o.xx.oo,1
o.ooxx.xx,1
xoxx.oo..,4
.o.xxoox.,0
o.xxxooox,1
.xoo....x,0
xx..oo.xo,2
.xoo.x.xo,0
oxo..xxox,3
xx.ox.oo.,2
.xoxoo..x,0
x.ox..o..,1
ox.xxoo..,2
.x..xoo.x,0
..ox...ox,0
.xxxo.o..,0
xxoo.o.xx,4
...ooxx..,0
x.x.o.oox,1
oo.xox.xx,2
.o.ox..x.,0
x..o..ox.,1
o....xoxx,1
xox.oox..,3
..o...xx.,0
...xx.o..,0
xxo..o.x.,3
xoo..xxox,3
.xo.o...x,0
x.xoxooxo,1
.xoxo..xo,0
.xoo.x.ox,0
x.....o.x,1
.oo.xxxo.,0
.xxxoooxo,0
xx..oo...,2
.x..oxoxo,0
xoox..o.x,4
..xoxoo.x,0
...x.xoxo,0
xoo.xoxx.,3
..x.o..ox,0
xo..xx.oo,2
.ox.xoox.,0
xxo..xxoo,3
.xxo.xo..,0
ox.....ox,2
oxx.o.xo.,3
xoox..ox.,4
.xxoxx.oo,0
xx.oo...x,2
..ooxx..x,0
xx.o...o.,2
xxo.o..xo,3
o.ox..x..,1
oxxxoo...,6
ooxx...ox,4
xo...xx.o,2
xx..ox.o.,2
