ox.xxooox,2
.x.xoxoo.,0
.oxo.xox.,8
x..o.xxoo,2
o.x..oxxo,4
x.o.o...x,6
oxoxx.xoo,5
x.x..x.oo,1
x.x..xo.o,7
x.x..ooxo,1
xx..oo.xo,2
.ox.....x,0
xoox.x...,4
ooxxx.oxo,5
....xxxoo,0
x.ox.....,1
xooo.xoxx,4
..x.o.xxo,0
.x.x.oxo.,0
.oxooxxxo,0
o.o.x.xxo,1
.o.xoxox.,2
.o.ox...x,0
ooxx.xoxo,4
x...x..oo,6
oo..xxox.,3
xxo....o.,6
.xx...oox,0
.xx..oox.,0
ox...xxo.,2
.o.o...xx,0
.xxxxooo.,8
....xo...,0
.xxoox.o.,0
oox....x.,3
.xxo.....,0
.ox......,4
x..ox..xo,1
ox.xxo...,7
..x..oox.,1
x...xx.oo,6
oxo.xoxox,3
.x.x.oox.,4
x.ooxx...,8
xoox.xo..,4
.o.ox..x.,6
.o..x..ox,0
x.ox..ox.,4
.x..xo.ox,0
xoxx.oox.,4
.xx.oo...,0
xo.xx...o,2
o.x.x...o,1
....xoxo.,0
.o..xoxx.,0
...xo....,0
..ox.o..x,0
.o..xxox.,3
x.oox..x.,1
xoo..x.xo,3
x.o.x...o,5
.x..xoo.x,0
.....o..x,4
....oxxxo,0
..oxo..x.,6
.xx.ox.o.,0
o..o..x.x,1
xox...oxo,3
.oox..xx.,0
xoxxx..oo,6
...xxo.o.,0
ooxxx..xo,5
..x.o.oxx,5
xox.ox...,7
xx.oox.xo,2
o...xo.x.,1
ox..oxox.,2
.x.xooox.,2
ox...xoox,2
ox.o..x..,4
x.o.xx.oo,3
..o.xx.o.,0
oo.x..xx.,2
.xo..xxoo,3
xx.o..ox.,2
o.oxo.x.x,7
.oo.xox.x,0
...o.xxo.,2
o...oxxx.,8
...o.x.xo,0
.x.xooxox,0
....ox..x,2
.x.o.oxox,4
x..x...oo,6
x.o...xo.,3
x.....xo.,1
xox.xx.oo,6
xo....x.o,2
ox.x.xo..,4
.xo.xxo.o,3
o..xoxoxx,2
o.x....ox,4
xx.x.oo.o,2
.xoxox...,0
oxoxooxx.,8
.xx.o..o.,0
.xoxo.xxo,0
.xo.oxx..,0
oo...xx.x,2
.xxxo.o.o,0
x.x...oox,1
.o...x.ox,2
.xoxo.xox,0
x..oxo.x.,1
x...ox...,1
xxox...o.,6
xxoxoo.x.,6
oxx.x.o.o,7
.xo.o.xox,0
.xox.x.oo,4
oxo..x.x.,4
x.x..xoo.,8
x...xoxoo,2
.ox.xx..o,0
..o.xxxoo,3
xooox.x..,8
o..x.ox.x,7
.xx...o.o,0
..x.x..o.,0
o.x.x..o.,3
.oxxo...x,7
xx.oxoxoo,2
..o....x.,8
x..oox...,2
o.oxoxxx.,1
o.o.xxxox,1
o..x..oxx,2
xo.o.x.x.,8
x.x..oo.x,1
.ox.xx.oo,3
.xoxoxxoo,0
xo..oxoxx,2
oxox..xxo,4
oo.xox.xx,2
x.oo.xxo.,1
.o.xx.o.x,0
..xo.xxoo,0
.oxoxx.xo,6
ox.xoo.xx,6
oo.x..xox,2
.oxxo..x.,6
oxo.o.x.x,7
..xooxxxo,0
...xoxo..,0
x..xox.oo,6
x.x....oo,1
.o.....xx,6
..xox....,0
...xox.ox,1
...xoo..x,6
..xxo.oox,1
o..ox.xox,2
.xo.oxxxo,0
.x..xx.oo,6
.x.x..oox,0
xx.o..xo.,2
.x....xo.,0
xx.o.x.oo,2
oxo.ox.xx,6
o..xxoxo.,2
.xx...oo.,0
o....xxox,2
xo.x...o.,4
x...oxx.o,3
xoo..x.x.,3
.xoo...x.,4
.x.oxox.o,2
oxx.o..x.,3
.xxo.ooxx,0
o..x..xox,1
oo.x.oxx.,2
.xxo.xo.o,0
.o.xx.ox.,5
x..xoxo..,1
oxo.xxx.o,3
o.ox.x.x.,1
xxox..oo.,4
xxo...o..,4
ooxx.xxoo,4
.ox..xxo.,4
oo...x.xx,2
x.oo.xx..,4
ox.ox..ox,6
oxxoxo..x,6
.....xxo.,4
x..o...xo,1
..o.x.xox,0
...o...x.,4
x..oo.oxx,1
.ox.xxoo.,3
x..o.ox.x,4
oxxo.o.x.,4
xox.o.xxo,3
o.o...x.x,7
xx.o.x.o.,2
.o.xx.xoo,0
x.oxoo..x,6
x...o..x.,3
.xxo.ox..,4
..x...o.x,0
..xxoox.o,0
.x.oxo.ox,0
oxxx...o.,8
....xox..,0
xooxo..x.,6
.xoo.xox.,4
ooxxo.x..,5
.o..ox..x,2
ox..oxx..,8
xxooxx..o,7
.oxx..xo.,4
xoxo.oxox,4
xo.o.xo.x,2
oxxxoo..x,6
x..x.o..o,2
oo.x.xxox,2
.xxo.oxxo,4
xxox.o.o.,6
oo....xx.,2
x.x.o.o.x,1
xxo..x.oo,6
o..x..x.o,4
.o..x.oxx,0
xo.xxoo..,8
oo.x..x..,2
.x.xoo..x,0
xo.ooxoxx,2
.x..oxo.x,2
...xx.o.o,5
...x.ox.o,0
x.....oxo,1
o.oxxoxx.,1
...x.xxoo,0
.xxx.o.o.,0
o..xx...o,1
.xo.ooxx.,8
xox..oo.x,4
oxxox...o,6
....xo..x,0
oxoxxo..x,7
xo.xo..x.,6
ox.xxoxo.,2
ox.x..x.o,2
x.ox.xo.o,4
xoxoo..xx,5
x.x.oxo.o,1
...ooxxxo,0
xxoo..x..,5
x.xx...oo,6
o.xx.ooxx,1
.x.xoxxoo,0
.xxoox..o,0
xx.o..xoo,2
x...xooxo,1
o..x.x.o.,2
.xx.....o,0
...ox.oxx,0
.xxxo.o..,0
xoxxxo.oo,6
x...ox.ox,1
.x.o....x,4
o.x.x.oox,5
x.oo.x...,1
.ox.xoox.,0
ox..xx.oo,3
.x..oox.x,3
oxxoo.xx.,5
..x.....o,0
xxoxo..ox,6
..oxo.x..,0
xo..oxxxo,3
oxox.xox.,4
ox.xo..ox,2
xoo.x.xxo,5
xx.o.o..x,4
o.oxx.xxo,1
.xx.oxoxo,0
x.o...ox.,4
..xox...o,0
xx...oox.,2
xo.xo.o.x,2
xox.x.o.o,7
..xxxooxo,1
oxx..xoxo,3
.xxoxo...,0
xo....ox.,2
..o.xox..,8
....xx.oo,3
x.oooxxxo,1
xo...x.o.,4
xx.o.xo.o,2
oo.o.x.xx,2
xoo.oxxxo,3
.xooo.xx.,8
oxxoxo...,6
ox..x.x.o,2
..xxo...o,0
.x.x.ox.o,0
xxoo..x.o,5
o.o..xx..,1
.x.xoox.o,0
x.ooxxoxo,1
.x.o.ox.x,4
.xxx.o..o,0
.xo..o..x,3
..oxx.o.x,0
.o..xooxx,0
....o...x,0
ooxx...ox,4
o.xo.ox.x,4
.xxo..ox.,0
.xx..ox.o,0
x.ooo..xx,6
x.xoo..ox,1
.xx.xoo.o,0
.xox.xoo.,4
xxoooxx.o,7
oo.x.xo.x,2
o..x.ooxx,1
..o.xxx.o,3
o.ox.xxxo,1
.o.x.....,0
oo.xx.xox,2
..xox.oxo,1
x.xo..xo.,1
.xxx.ooo.,0
..xxoxo..,8
.oox.x.x.,0
.ooxx.xox,0
.x.o..x.o,2
o..x.xxoo,4
o.xx.o...,1
.x.x.oo.x,0
xx..ox.oo,2
.o.xx..o.,0
xo.xoxox.,2
xoo...xox,3
.oo.x.oxx,0
.oo.xxxxo,0
.xoooxx..,0
..o.xoxx.,8
.ox.xxoxo,3
x..xoxoo.,1
.xx..o...,0
xo.x.xoox,4
o.ox.x.xo,4
oxo..xo.x,3
x.oooxx.x,7
..x..oxox,4
o.xxxo.o.,6
oxxx.xo.o,4
ox....ox.,4
oo.x....x,2
.xx.xo.o.,0
oxx.xxo.o,3
.oxo.oxx.,4
o.x.o.oxx,5
ooxx.xo..,4
..o.xo..x,0
.xxxo...o,0
..o.x.x..,0
o...x..ox,2
oxx.xoo.x,3
o..x.x.xo,4
.x..xo...,0
o...xoxox,2
.o..xx.o.,0
o.oxx.x..,1
o...xx...,3
xx....o.o,2
xo.ooxxx.,8
oox.xx.o.,3
.xoxoxxo.,0
xox..x.o.,4
xooxox.x.,6
xxoo...xo,4
oxo.ox.x.,3
o..x.xoox,1
..x.oxxo.,1
xo.o.xxox,4
..o.oxxox,1
x..o..xo.,2
x.o.oox.x,3
.oxxooxxo,0
oxo.o..xx,6
x.ooxxo..,1
.ooxx..ox,0
xx...x.oo,6
.xooxx.o.,0
.oo....xx,0
..xx..oox,0
xx..o.o.x,2
oxxo...ox,5
..x...oxo,1
.o..xoxxo,2
oxo.oxx.x,7
.xo..ox..,8
xox.o...x,5
.ooxx.x..,0
.o.oxx.x.,0
xooox..x.,8
xo...ox.x,2
xo.ooxx..,7
o.x..xo..,3
.xooxxxoo,0
oxo.oxx..,8
o.ox....x,1
xo.o.xox.,8
.x..oooxx,0
x.xx.o..o,1
xxo.ox.o.,6
xxooxx.oo,6
.o.o.xx.x,0
.xxox.oox,0
..x.xooxo,1
x...o.o.x,2
.oxx...xo,4
xooox.xx.,8
xo.oxx..o,2
xxo..o.x.,4
x....o.ox,1
..xoo.xox,5
xoox.x.xo,4
ox.ox....,6
..o..oxx.,8
xox.ox..o,7
xx...o.o.,2
o.ox.x..x,1
.oxxo..xo,0
.xo.xxxoo,3
xoo.xxxo.,3
xo.o..xx.,8
x.oo.xx.o,1
.xox.xoox,4
..xoo.x.x,5
x...xo.xo,2
x.x.x..oo,6
oxoxx.o.x,5
x.o.x.xoo,3
oxx..oxxo,4
o..xxo...,1
.xx..o.ox,0
x.xoo....,1
xxooox..x,6
..x.xoox.,1
.oxo.xxo.,4
x..oxx.o.,8
.....oxox,0
xoox...ox,4
.o..oxoxx,2
..x..oo.x,0
x.xo.oxox,4
..oo.xxox,0
xox.xoox.,8
o.o.xoxx.,1
oox.xx..o,3
xox.o..xo,3
oxx..xo.o,3
.oxx....o,4
...xxox.o,2
xx......o,2
x..o..oxx,4
....xxo..,3
x.o......,3
x.oxo...x,6
ox..xo..x,7
xx...oxoo,2
xx.oox..o,2
o.xx.ox..,4
..o.x.o.x,0
..xoxoox.,0
xx..o.oox,2
xo.ooxx.x,7
..x.oooxx,3
.x.......,0
.x.o...ox,0
ooxx.x.xo,4
.x.xo..ox,0
.x...oxxo,2
x.xoox.xo,1
.xoxo....,6
.xoo..xx.,0
.xoo.xoxx,0
xx..oxo..,2
xoo.....x,3
x.ox.oo.x,4
o.oxx..xo,1
.x.xo.oox,2
xoo.o..xx,6
.x.ooxoxx,0
ox..oxo.x,2
oox...x..,4
x..oxxoo.,8
xx..oo.ox,2
.o.x.ox.x,0
xx.oxxo.o,7
xxo.x.oo.,8
.x..ox.ox,2
..xxoo.x.,0
..oo..x.x,0
.xoox...x,0
o.x.xxoxo,3
..ox.x.ox,4
xoo..x.ox,4
xooo.xxox,4
xxo.xx.oo,6
.o.x.oxx.,0
oxoo..xx.,4
xx...ox.o,2
...xo.xxo,0
xx..o..ox,2
ox..x..ox,2
xoox.x.ox,4
...x..o..,2
.xo.o.xxo,0
..xxx.oo.,8
o...oxxox,2
xx.xxo.oo,2
oox..ox.x,3
....o..xx,6
...x.xoxo,4
.o.x...x.,6
o.xxo.ox.,8
.o...xxxo,0
xooooxx.x,7
x.xo.xo..,1
xx..xoxoo,2
...oxxxoo,2
.xoo...xx,0
ooxo.xxx.,4
o.x..o..x,6
.oxx.o.xo,6
.xxoo.ox.,0
.xxo.o.xo,0
oxx.o.x..,3
x.oooxx..,1
..x.oo.x.,3
xo.oxx...,8
......x..,4
.o..x.xo.,0
ooxx..xox,4
.xxx.ooxo,0
xx.oo.x..,5
xoo.oxx..,3
ooxoxx.x.,6
..xxoxoo.,8
.ooxxo.x.,0
...o.oxx.,4
oxxooxxo.,8
...xooxxo,0
o.xxoxox.,8
..xxxo..o,6
.oooxxoxx,0
x.xo...xo,1
..xo..xxo,4
.x..o..ox,2
x.o.x..xo,5
..oo...xx,0
o.xx..oox,5
x.xo.x.oo,1
o..xo.oxx,2
xoo....x.,3
.xoxx..oo,5
x...o.xo.,1
...oxxx.o,2
.o.o.xoxx,0
..xox.o..,0
ox.xxo.o.,2
o.o.xxx..,1
.oo.xxxo.,0
xo.xoxo..,2
x.oxx..oo,5
.xxo.xxoo,0
oxox....x,4
.xo.oxxo.,0
.xxx..o.o,0
xo.ox.ox.,8
xxoxx.oo.,8
x..oo..xx,5
xx.oo.xxo,5
ox.xxoxoo,2
o...ox.xx,1
xxox.o.ox,4
.o..x.x.o,0
xx.ox.o..,2
ox.oxx..o,6
.o.xox.xo,0
.x.oo..xx,5
.ox.ox...,8
xxoo.ox..,4
..xxo.x.o,0
xx...xoo.,2
xxo.ox.ox,6
.x.o.o.xx,4
oo..xxoxx,2
xoxxox..o,7
xoxxxo..o,6
.oox.ox.x,0
oxoxoxxo.,8
.o.x..x..,0
ox.o.ox.x,4
.xxxoo.ox,0
..xoxxo..,0
x..x...o.,6
.ox.o...x,5
x.xo.o..x,4
oox.xxoxo,3
oxx.o.xo.,8
oxx.xo..o,3
xo.xoxoxo,2
xxo.ooxox,3
o..xx.oxo,1
xo.x.xoo.,4
xx.oo.x.o,2
o...xoxxo,1
x.o.xx..o,3
.oox...x.,0
...x.oox.,1
x.oxo....,6
x.....o..,1
.xo.x....,7
ox.ox...x,6
x.xoxxoo.,8
x..o.o.xx,4
o...ox.x.,8
ox..ox..x,2
x.o.oxx..,3
...o.xxox,2
x.xo.xoxo,1
xx.ooxoxo,2
x....xoo.,8
.o....x..,0
oo.xxoxox,2
.xxxo.xoo,0
xoo.xxo..,3
xo...oxx.,2
..ooox.xx,6
ox.x.oxo.,2
o.xxoxo..,8
x.x.oo.x.,3
.xx..oxo.,0
.xox...ox,0
...oxox..,0
..xxxoo.o,7
.ooxx.xo.,0
xoooxxox.,8
..ox..xxo,0
xoxx.o.o.,4
..xo.ox.x,4
ooxx.o.x.,6
o.xxx.oox,5
xxoo...ox,4
...x..o.x,4
..x.xo...,0
x.x.ooxxo,3
x...o.ox.,2
.x...o.xo,2
xx.o...ox,2
x.xoox.o.,1
.xooxxx.o,7
xo..o.xxo,3
oxx..oo.x,3
o..xoo.xx,6
o..oxx.x.,1
ox.x..ox.,4
oo.x.xxxo,2
.xx.oox..,0
x.x.xo.oo,1
.x..x.o..,7
o..oxx.ox,2
..o.xox.x,0
.xxx.o.oo,0
xo..xx.oo,3
...o.o.xx,4
ox.o.xxxo,4
.o.x.xoxo,4
oxx..ox.o,4
.x.o...xo,0
x.xooxx.o,1
x.o.xxxoo,3
oxoxox.ox,6
.xxxooxoo,0
x.xoo.xo.,1
oxooxxx..,7
xooo.xx.x,4
x....o.x.,4
x.xooxxoo,1
.o.oxxxox,0
.xxo.o...,0
ox..xxxoo,2
o.xxxo..o,1
xxoo..oxx,4
.xxxoo..o,0
..x.x.o..,0
x...x.oo.,8
x.oox.xo.,8
.ooo.xxx.,8
...o.ox.x,4
ox.xo..x.,2
o....x.xo,4
.oo...xx.,0
ooxx.ooxx,4
.x.x...o.,0
o.....xx.,1
oxoo.x.xx,6
..xo.o.xx,4
x.oxo..xo,6
.xx.x.oo.,0
.oxxo.ox.,0
oo.xx..x.,2
.xoxxo...,8
ox..oxxox,2
.oxxx...o,0
xxo.o..ox,6
x..ooxx.o,1
.oo..x..x,0
x..xo.oxo,2
x.ox...xo,5
xooxx.ox.,5
x..ooxxxo,1
x.....xoo,1
..ooxxox.,0
x...oxxoo,1
.xxoo..ox,0
o.xxxoo..,1
o..ox...x,6
..x..xo.o,0
xo.x..o.x,4
.x..ox...,0
x.ooox.x.,6
.oox..xox,0
xoxx.ooox,4
.oxxo.oxx,5
xx.o.oo.x,2
o.o.xo.xx,1
..xxo....,0
xxoo.oxox,4
..ox.xxoo,0
.xo.o.x.x,7
x.xooxxo.,1
.x.xooo.x,2
x..o..xox,4
.oox.x..x,0
.x.oxxo..,0
ooxx.ox..,4
xooxx.oxo,5
x..x.oo.x,4
o.xx..oxo,4
.....ox.x,0
.ox.xo.ox,0
xoooxoxx.,8
ox.ooxx..,8
ox.o.x.ox,2
o..x.xx.o,4
x..ox....,1
.xo...x..,4
oox..xox.,3
oxo.xo..x,7
xox.oxx.o,7
o.xx..ox.,4
.oo.ox.xx,6
o.x..xox.,3
x...oooxx,1
..o...xxo,0
oo.x..xxo,2
.oo..xxx.,0
.x..xox.o,2
x.x.o.ox.,1
oo..xxx.o,2
x.oo...xx,1
ooxo..x.x,4
.xx.oxoo.,0
o.ooxxx.x,1
x..x.xo.o,4
x.oxx.o..,1
.xx.o....,0
oxxx.oxo.,4
xox.oox.x,3
ox.x...o.,4
xx.xoooox,2
.ox...xox,4
oxox.oxx.,8
ooxxo..xx,5
ooxxx.o..,5
..oxxoox.,1
.x.xoxoox,2
.o.x.oxxo,0
xx.o.ooxx,4
xx.xoo..o,2
o.xxoooxx,1
...oxx.xo,1
x.oo..xox,4
o.oxxoxox,1
xxox..o..,4
.xoo.oxx.,4
x.o.x.ox.,1
o.oxx..ox,5
...o.x.ox,0
x..x.o...,6
.oox.x.xo,0
xox..xxoo,4
o..xxoo.x,1
x..xxooxo,2
....o.x.x,7
x..o.ooxx,4
xox.oo.xx,3
...xxoox.,1
...xox..o,0
xo.oo..xx,5
...ox..x.,0
xxo.oo.x.,3
.xxxooo..,0
oo.xxoxxo,2
xo......x,4
....oxo.x,2
.xxo.x..o,0
.ox.xo...,0
xooo.x.x.,8
xxox.ooox,4
xox..o.xo,6
oo..x.oxx,2
xoxox....,5
..xx.x.oo,4
.x.xo....,0
ox.xoxox.,2
oxoo.xx.x,7
.xooxxo..,0
xo..oxx.o,3
.o.xo..xx,6
.ox.x..xo,6
xxo..xoxo,4
x.xox..oo,1
.o.o..xx.,2
xxo.o..xo,3
x.xoxooxo,1
..ooxxxxo,1
xo.xoo..x,6
..xoxo.ox,0
.xo.x...o,5
oxx.xo...,3
o.x.oox.x,7
oxo..oxx.,4
oo.xxox.x,2
ox.oxx.o.,6
...xxooox,0
o.x.x....,6
x...oxox.,2
ox...xx.o,4
.ooxxoxox,0
.x..x.oo.,8
x.ox.xoox,4
o.xx..xoo,4
o.ox.xoxx,1
xox..xo..,8
xxo.ooxx.,3
xoox.xoox,4
xo..xox..,2
oo.ox..xx,6
x.xxoo.o.,1
x...x.o..,8
oxoxo...x,6
x.xx..oo.,1
xxo....ox,4
..xo..oxx,0
x.oxxoo..,8
o..x.ox..,2
xxooo.xox,5
...oo.xx.,8
.x..xo.o.,0
xox..o.ox,4
x.o.o.x..,3
ox...oxxo,4
x.x.oo.xo,1
o...oxoxx,2
xx.oxx.oo,6
.xox.xoxo,4
..x.xo..o,0
.ox..x.xo,3
..xoox.x.,8
o.xo.oxx.,4
.....oxx.,8
..o.xxoox,0
o..xxoxox,2
.ox...o.x,0
xo..xxo..,2
.oxxox..o,0
.x.xoooxx,2
xxoox.xo.,8
oxoxoxx..,8
...oox.x.,8
.xox..xoo,0
..ox..oxx,0
..x....ox,0
.ox.x.ox.,0
oo..xxo.x,2
.oo.xx..x,0
xxoo..xox,4
.xooxxoox,0
xoxo.o.xx,4
o..x.oxxo,1
o..xoox.x,7
x.ox.ooxx,4
o.xx..o..,5
o.o.oxx.x,7
xxoxx.o.o,5
.o.x.x.o.,4
ooxo.x.x.,6
xoox...xo,5
.xxx...oo,0
xox.o.x.o,3
xox.o....,7
ooxx..x..,4
xoxx...oo,6
xoo..xx..,3
o......x.,6
.x..oxoxo,0
.ox.x..o.,0
o.o.xxxo.,3
x.x..ooox,1
o.x..x..o,4
ox.oxox.x,2
xoxxoxo..,7
x...oxoxo,2
oxxxo.o.x,5
o.x.o.x.x,1
xoxo...ox,4
x.x..oo..,1
.xoxox.ox,6
oox..x...,3
xx.oo.xox,5
ox.xo....,8
xoxo.....,4
o.xxo..ox,5
.xoo.xxxo,4
.o.xxo...,0
ox.xx.o..,2
ox.xo.xox,2
.ooxx..x.,0
...x.xoox,0
ox...ooxx,4
.xo.oxxox,0
xxoo.x..o,4
oxo.xx..o,3
oo...x.x.,2
xo...xx.o,3
x.xx.oo..,1
....oxx.o,0
...ooxxx.,8
oxx..oxox,4
.x..xooox,0
oox.xxox.,3
xxooxxoo.,8
.x.o..xox,2
x.o..ooxx,4
.ooxx.o.x,0
ox.xx..oo,5
xx.o.ox.o,2
..xoxx.o.,0
xoxoxx.oo,6
..xoo.xxo,0
oxxxoxo..,8
xox..xoo.,8
xoxxooo.x,7
.....x..o,0
.xxoo.oxx,0
.xo....x.,4
o.xxx.o.o,5
x..o.xx.o,1
o.x.....x,1
x..xox.o.,1
o.xxox...,8
xoxx.oo.x,4
..x.oxx.o,0
xx..x.oo.,8
xo.x.o...,4
x.oo.o.xx,4
.xxoo.x..,0
.x.x.x.oo,4
.x.xox.oo,0
oo..xxx..,2
xox..ooxx,4
x....xxoo,1
x..o.xo.x,1
....x.oox,0
.x.xx.o.o,7
..ooxo.xx,0
o..o..xx.,1
ox.xooxox,2
.oooxxxx.,0
oxxxooo.x,7
o.ooxx..x,1
o.x.oo.xx,6
xoxo..oxx,4
.xoxo..ox,6
ooxx.....,4
...x..xoo,0
.ox.xo..x,0
.xo.o...x,6
.ox.ox.xo,0
..x.oo.xx,3
o....x..x,2
x.o.oxxxo,3
oxoxo.x..,8
xx...o.xo,2
o.o.x..xx,1
..x..ooxx,3
x.xxo.o.o,1
.ox.o.x..,7
.xxxoo.o.,0
xo.oxoxx.,2
..ooxx...,0
xx..oo...,2
ox.o.o.xx,4
ox.o..xxo,4
x.x.oxxoo,1
.x....o..,0
.x.xxo..o,2
ox..o.xx.,8
oxxo.xxo.,4
x.o..x..o,3
x.xoxo.o.,1
oxxo.oxx.,4
o.xox..xo,1
.x..o.xxo,0
....xo.ox,0
x..xo...o,1
oxx....o.,6
oxo.xox.x,7
xox..x..o,7
xoxx.xoo.,4
x.o..o.x.,8
..xx.o.xo,0
xxoo.xx.o,4
ox.xoxxo.,8
xx..ooo.x,2
.xx..oxoo,0
oxo.oxxox,3
.x.x.ooxo,2
xxoooxx..,7
oxox.x.xo,4
o..x....x,2
ox..ox...,8
xxo.o.xo.,3
.x..o.xox,0
ooxxx.oox,5
.o.xxox.o,0
.xoxxoo..,7
o.x.x..ox,1
xo...xxo.,4
..x.x.oxo,1
oxo.xx.ox,3
oox.xxo..,3
..xoo...x,5
..oox.xxo,1
.xxoxooox,0
ooxo.xxxo,4
..xxoooxx,0
xox..ox..,3
..xo....x,0
xx.o...xo,2
xxooo...x,5
.xxoox.xo,0
.xoxxooox,0
x..o.xo..,1
x....oox.,1
o..ox..xx,6
oxx.xooox,3
..o.x....,0
xx.xoo.ox,2
.o.oxx...,2
o.xoo.xx.,8
.xoxx.o..,0
oox.x.oxx,3
o.x..oxox,4
o.x.x.oxo,1
.x.ooxx..,2
o.xxox.o.,8
oxoxox..x,6
oo.x.xxo.,4
o.xx.oxxo,4
x.xx.ooxo,1
x.ooo.x.x,7
ox.o.oxx.,4
..x.o..ox,1
xx.oox.o.,2
x.....o.x,1
x...ooxx.,3
o.xoxo.x.,1
.xo...xo.,0
..x.ooxxo,0
xo.ox.x..,2
o.x...o.x,5
ox.x..o.x,4
...xx..o.,0
xoxo.x..o,4
x.oxo..x.,6
.xox.x..o,4
..xo..xox,0
oo...xx..,2
xoo..ox.x,3
oox..o.xx,6
oxxx..o..,8
.xox.ooxx,4
xo.xx..o.,2
.xo..x.ox,0
.x.x.o.ox,0
.oxooxx..,8
oxxoxx..o,6
.x.o..oxx,0
.xo.xxoox,0
..xxoxo.o,0
ooxxox.x.,8
.oxxx..oo,5
.o.xxoxox,0
...xoxox.,0
x..ox...o,1
oox..x.xo,4
o.ooxx.x.,1
oxooxxxo.,8
x..ox.o..,1
x..xxo..o,2
x..o.o.x.,4
xo....xxo,3
xo.x..oxo,2
xx..oxxoo,2
o..xx.xoo,1
...ox.xxo,0
oo.x.x.x.,2
x.ooox..x,6
o...xxoox,2
xoxoo..x.,5
x.o...x..,1
.o.oxx.xo,0
x..xoxoxo,2
o....x.ox,2
oxx.o....,8
oo..xx.xo,2
xox.o.x..,3
.ox.x.oox,0
xo.ox..x.,8
.x.oxo...,0
xo.o..xox,4
.oox.xx.o,0
...ox..ox,0
x..oxxo..,8
o..xx.x.o,1
xo.xoooxx,2
.x.ox....,0
xoxo.x...,8
xo...xo.x,2
..oxo...x,6
oxoooxxx.,8
..o..x.xo,4
...xxooxo,1
x..xx..oo,6
o.x..xx.o,4
xx.xo.o..,2
.o.xxo..x,0
x.o.ox..x,1
o.xx.oxox,4
x.oo...x.,4
..oxoxxox,1
.xox.oxox,0
xxoo.xoox,4
xoxxo....,7
o.x.o..xx,1
.ooxox..x,0
x..o..ox.,1
xoo.x..x.,8
oxo...x.x,7
xx..oo..x,2
ox.xo.oxx,2
oox.x..xo,3
.oxx.oxxo,0
xxooo.x.x,5
xx..ooxox,3
ox.x.o.xo,4
..ox.x..o,0
ooxoxo.xx,6
.x..xo..o,2
oxoo.xxx.,4
.oxxoxox.,8
....xooxx,0
xx.oo..x.,2
xxo.xoxo.,8
xoxxo..xo,6
xoox...x.,4
..ox.oxx.,8
..oox..xx,0
x.x.x.oo.,8
.xxox..oo,0
o..xox..x,2
x.x.oooxx,3
oxo...xox,3
o.xx.xo..,1
xoxxxoo.o,7
x.xox.o..,1
.oxxxo.xo,6
..oox.oxx,0
ox...x...,6
....xxoo.,3
x.o..xxoo,3
..xoxo..x,0
xxo.xxoo.,8
.x.o.oxx.,4
.xooxox.x,0
xo..ooxx.,3
.xxooxxoo,0
o..x...xo,4
.o.o.xx..,2
.xx..o..o,0
ox....oxx,3
.x..ox.xo,0
xoxo....x,4
xoxo..x.o,4
oxxo.oxox,4
x.xxoo.xo,1
.x.o.x...,2
xoo.x.x.o,3
oxo.x.x..,7
..xoo.oxx,5
.xox....o,0
x.o.o.xx.,1
x..oox..x,2
xx.o..oox,2
.o.x..oxx,2
.xoxx.oox,0
xo.o.ox.x,4
....xxoox,0
xxo.o.xox,3
ooxxox...,8
.o.o.x.x.,8
.oox....x,0
oxox.x..o,4
xoxooxx.o,7
..o.o.x.x,0
o..o.xxxo,4
o.oxox.xx,1
o.ooxxxxo,1
x..o...ox,1
ooxoxx.xo,6
xox..oxo.,3
x.o...o.x,4
.oooxxx..,0
xxo..oxox,3
xo....x..,2
..ooxxo.x,0
.x.oxxo.o,7
o...x.oxx,1
xx.xoo.o.,2
..oooxxx.,8
..x.ox.o.,1
xo.oxxxoo,2
..x.o....,0
.xx.oo..x,3
ooxx..o.x,5
..x.o..x.,3
oox...x.x,3
x..ox.xo.,1
o.oxx...x,1
x..o.....,1
.oo.x.xx.,0
xox.oo.x.,3
..xxxo.o.,6
xx..ooxo.,2
..x.oxo..,0
ox..o.x.x,7
o.xo..x..,4
xx.o..o..,2
x.x...o.o,1
xxoo.x.ox,4
x..oo...x,5
.xxxoxoo.,8
o.o.x..x.,1
.ooox.x.x,0
o.xx.oox.,1
.ox.oxxxo,0
o..xxo.ox,1
.ooo.xx.x,0
xx.xoooxo,2
xx.xxoo.o,2
.xo.xxo..,0
.o..xx...,0
.x.x.o.o.,0
.xox.....,8
..xx.oxo.,0
o...x.xox,2
.o.xoxo.x,2
oxxo.....,4
ox.ooxx.x,2
o..xox.x.,1
.o.x..xo.,0
ox....xox,2
xo....o.x,2
.oxo.x...,4
xooxox...,6
ooxx.oxox,4
..xxxooox,0
x......ox,4
.ox.x.o..,5
.ox..xxoo,4
ox.ooxxox,2
.xo.o.x..,0
.oxx.ooxx,0
xo.xoo.xx,6
ox.ox.x.o,2
o.oxxo..x,1
.o.xxo.xo,2
.x.x.oxoo,0
ox.xx.oo.,5
oxo..xx.o,4
.x.xo..xo,0
x.ox.x..o,1
x.o..x.o.,3
.x..ox.o.,2
..xxx.o.o,7
.o....oxx,0
..xoo.xx.,5
xx..oooxx,2
...o..xox,2
oxox..ox.,4
x.o.ox.ox,1
.o..o.xx.,0
...ox.xo.,0
.x.o.xoxo,0
..x..o.xo,0
oo.xx..xo,2
x...oo.x.,3
.xooxx..o,7
o..xx....,5
o.xooxx..,8
o.xx.o.xo,4
ooxxx..o.,5
x.ooxx..o,1
oxx.x...o,3
oxx..xo..,3
ox..xxoo.,3
o..x.xxo.,4
xx.xoo.xo,2
x..ooxx..,1
x.oxx.o.o,5
x.o....x.,8
o.oxox.x.,1
.o.x.xo..,2
..oxo..xx,6
.xx.xooo.,0
xxo.xo.o.,8
oox...xx.,3
....oxxo.,1
..xoxxo.o,0
.o..xox.x,0
.ox..ox..,0
.x....oxo,0
xo..x.oxo,2
.....o.x.,4
..xx.oo..,0
x.oox.xxo,5
ox...oxx.,2
.xooxox..,7
ox.x.o.ox,2
x...xxoo.,8
ox.xx...o,2
oo.xxoxx.,2
oxoooxx.x,7
.x.o.x.xo,4
ooxx.oxxo,4
o.xoxo..x,6
x.xx.oo.o,1
x.o.xo.x.,8
..oxxox..,0
xxoo.x...,4
.x.o..x..,4
x...o.x.o,1
.xooo..xx,6
xox....ox,4
.oxx.xoxo,4
.xo..ox.x,0
ooxxxo...,6
xxo..xoo.,3
.ooxox.xx,0
...xoo.x.,6
.o.ox.x.x,0
oxxxxo..o,6
...ox.x..,0
xoo.xxxoo,3
xxoo.oxx.,4
..ox.xoxo,4
o..xoxox.,1
...xxo.ox,0
..oox..x.,0
x....x..o,3
...ox.xox,0
.xox.oox.,4
.oxxo.o.x,5
oxx.oo.xx,3
o.xx.x.o.,1
.oo.xxoxx,0
xx.xo..oo,2
xxo.ox.xo,6
.ox.x...o,3
oxoxxo...,7
.xo...xox,0
ox...xo..,2
x.xxoooox,1
xoox.o..x,4
.oox.o.xx,0
ox......x,4
x...o.oxx,2
o.ox.xx..,1
oxxo..xox,4
xxo.oox..,3
.oo..xxxo,0
.x.o.oxxo,4
.o.x.o.x.,6
x..o.o..x,4
x.oxxo.o.,6
.oxxoooxx,0
xxoxoo.ox,6
o.xoxx.xo,6
o.o.x.oxx,1
.ox.o..x.,8
oxooox.xx,6
o.ox..x..,1
.ooxx...x,0
.x.ooxx.o,0
o..xx.oox,5
.xoo..oxx,4
o..x..xxo,1
o.oxx.oxx,1
xoxo.ooxx,4
ox.xoox..,8
...xoxxoo,0
.o...x...,2
.ooxx.x.o,0
ox.x.xoox,2
.xxo...ox,0
oo..xx.x.,2
xoxx..o..,7
oxo..xxxo,4
o.....xxo,4
oxxx..oxo,4
.oxxoox.x,7
x.o.x.o..,1
xo..ox.x.,6
xoxo.x.xo,4
o...xxoxo,1
..xo.xox.,0
xo.......,3
.xo.xx.oo,3
xxo.x...o,5
oo.x.x...,2
x...ox..o,1
..oxx....,5
oxxxoox..,8
.oox...xx,0
.o.oxx..x,0
.xooxoxox,0
.......x.,1
.x.o.xx.o,2
ooxo.xx..,4
oo.x.x..x,2
.oxxxoox.,0
oxx.xx.oo,6
..xo.oxxo,4
.ox..xox.,8
....x....,0
.xxooxox.,0
oxxx.x.oo,4
.xxo..xoo,0
o.x.xx.o.,1
.xoo.xxo.,0
ox.....ox,2
xx.oxoxo.,2
.ox.oxx.o,0
xo.o...x.,8
.xoxooxox,0
.o.xo.x..,0
x.ooo.xx.,8
o.xx.x.oo,4
xoo.xx...,3
..ooxx.x.,1
xxoo.xo.x,4
xoxx.oo..,4
xo....xox,4
x.ooxox..,8
...xoxo.x,2
...o...xx,6
oo.xoxxx.,2
x.oxox.xo,6
oxxx..o.o,4
...xoxxo.,0
x..o...x.,4
x.xo..oox,1
.xx.o..ox,0
.oxo.xx..,0
.x...xo..,0
oo.xxox..,2
o.o...xx.,1
.xxxoooxo,0
.o...xx..,4
xo...oxxo,2
o.xxo.o.x,5
xxo......,5
xo.o.xoxx,2
..oxxoxox,0
.oxoo.xx.,8
xo.oxo.x.,2
x...o...x,1
.o..xxx.o,0
..x...oox,0
.xx.o.xoo,0
oo.xx....,2
..oo.x.x.,0
ooxxx..ox,5
..o.ox.xx,6
xoxox..xo,6
xo.o...xx,2
..xo.ooxx,0
x..xoo.xo,2
ox.x.xoo.,4
xxoo..xo.,4
.xxooxxo.,0
oxxo....x,5
xo...x.xo,3
o.xxo....,8
oxoxoox.x,7
x.o.xxo.o,3
x.oxoo.xx,6
...x.xo.o,4
oxox.ooxx,4
.o.xx.oxo,5
..oxox.xo,0
.o...ox.x,0
.x.xoxo.o,0
....o.oxx,2
ox..x....,7
oxxoo.x..,5
oxxo.x.o.,6
..ooxx.xo,1
...xoo.xx,6
ox.oox.xx,6
...o.xo.x,0
oxo.x..ox,3
x..ox..o.,1
x.x..ox.o,1
...oxxxo.,2
x.ooxxx.o,1
xx.oo...x,2
.oxx.....,4
.o.x....x,4
x.o.xoox.,1
.o...xxo.,4
o...x..xo,1
.xx.xo..o,0
...xx...o,5
.xxo....o,0
..xxx..oo,6
...xxo..o,2
x.xo.oxo.,1
xo..ox.xo,2
..x.ooxox,0
..ox.oxox,0
oox...oxx,5
.oxox..x.,6
.xo.ox...,6
.o..xxo.x,0
..oxoox.x,0
.oxox.oxx,0
x.o..xoox,4
...x.xo..,4
...xo.xo.,0
xo..xoxxo,2
.x.xooxxo,0
oo..xoxx.,2
xx.oxxoo.,8
ox.o.x.xo,4
o....ox.x,2
oxoxxox..,8
x..xoo.x.,6
o.x..oxx.,1
o.xoox.x.,8
.oo.xxxox,0
..oxo.xxo,0
x....xo.o,7
x...x...o,2
ox....x..,4
x..ooxxox,1
ox..xxo.o,3
o.o.oxxx.,8
x..ox.xoo,2
o.xxo.xox,1
oxo.xxxo.,3
ox.o.x.x.,4
xoox....x,4
x...o.xxo,3
.x.x..xoo,0
....ox.x.,2
.ox.oox.x,7
.xo.ox..x,6
.oxoxooxx,0
oxx..o..x,3
.xoxooxx.,8
x..o.x..o,1
.xx.oxxoo,0
oo.o.xxx.,2
oo...xxxo,2
xooxx...o,5
xx.ox.o.o,2
xo.xo....,6
oxo...xx.,3
.ooxoxx..,0
.xoxo..xo,0
x.oox.x.o,5
o.xox..ox,5
xox.oxo..,8
oox..xx..,3
...xoox.x,0
xo.o.oxx.,4
.o.xox.x.,0
.....xox.,0
x.o.xxo..,1
..oxoxxxo,0
o.x.xoox.,1
x.xoo..x.,5
xoxo.oxx.,4
....xo.x.,0
xx.o.xo..,2
.ox.x.o.x,0
oxx.oxox.,3
xxooo..xx,5
...o....x,2
oxo.....x,7
ox.o.xxox,2
.x.o.xoox,0
xx..x..oo,2
.ox.x....,0
x.x...xoo,1
.xo.x.oox,0
oxxo..x.o,4
.xxox.oo.,0
x...x.oxo,1
xo..xo.xo,2
.xooxxo.x,0
oxo.o.xx.,8
.xx.ox.oo,0
x.xox.oxo,1
.oxo...xx,0
o...o.xx.,8
oxx.o.xox,5
xoo..xxxo,3
o....xx..,2
oox.o..xx,3
x.oxxoox.,8
..xo..o.x,0
.x....oox,0
oxo..x.ox,3
xxooxo...,7
..xxo.xoo,0
.xxox.o.o,0
o.x.xo...,1
...xxo.xo,2
ooxx.ox.x,4
xxo...xoo,3
x...o..ox,1
.xo.x.xo.,0
..ox.xo.x,4
oo.x..oxx,2
o..x.x..o,4
o.xxoo.x.,8
...o.x...,0
.x..xoxoo,2
.oox..oxx,0
xoo.o.x.x,3
.oox.xxox,0
.oxo.xxxo,4
.ox..o.x.,6
x.xo...ox,1
ox.xoox.x,7
.oxoxx.o.,0
x.x.ooox.,1
.oxoxxoxo,0
.x.....xo,4
oxx.o...x,5
.oxxoox..,0
xo..o..xx,6
xoo.xxox.,3
oox.x...x,3
........x,4
.oxox...x,0
.oox.x...,0
..o.xo.xx,0
.o.x..xxo,0
oxx.x..oo,6
x.xoxo..o,1
xo..x.x.o,2
oxo.xxo..,3
o.xxooxx.,8
.xox..xo.,0
.oo.xx.ox,0
xx..oxoox,2
ooxxoo.xx,6
x..oxoox.,1
o.xxx.oo.,5
oo..x..xx,2
x.xxo.o..,1
.x.ooxo.x,2
xxo.x.o.o,7
o..x.x...,4
xxo.ox...,6
ox.xoo.x.,8
.xx.o...o,0
o......xx,6
ox.x.oxox,2
....oxx..,1
xo.xoxo.x,2
..oox.x.x,0
..ooxxxo.,0
.xo...ox.,4
.oxoxxox.,0
.oxx..o..,5
.xxoo..xo,0
xoxo.ox..,4
ox..o...x,2
...oxoxox,0
.oox..xxo,0
xx.o.oxo.,2
...x..oxo,4
oxx..o.xo,4
x.oo.ox.x,4
oxxxo.ox.,8
xooxxoox.,8
x...ooxox,3
..x....o.,0
oxo.xox..,7
ox..oox.x,7
.o..oxxx.,8
x.oxx.oo.,5
x..xoo..x,6
...xo...x,0
..oxox.x.,0
....ox.xo,0
xx....xoo,2
.xooox.xx,6
xx.ooxoox,2
oxoxx.o..,5
xoxo.xo..,8
x.xxxo.oo,6
xo.x.oo.x,4
xxo.oxxoo,3
...x.xoo.,4
x.xxo..o.,1
.o...xox.,0
.o.oxxx.o,2
.ox.ox.x.,8
ox.o..xox,2
.oo.xxx..,0
..x.o.xox,1
xxooo.x..,5
...x.....,0
oxoxoo.xx,6
...xox.o.,0
...o.xx.o,0
.oxx..oox,4
.o....xxo,0
.....o.xx,0
.xoo.xo.x,0
xo..xoxo.,2
..xxxo.oo,6
...x...ox,4
oxxox..o.,6
.xo.xx.o.,3
ooxxo.oxx,5
o.xx.x..o,4
oo.ox.xx.,2
x.xo.xxoo,1
xx.ooxo.x,2
oxxo.xx.o,4
xx.o.ox..,2
oxo.xxxoo,3
oo.xo.x.x,7
xx.o..o.x,2
.oxxxo.o.,0
xo.xox..o,6
..xxooo.x,0
xxoox..o.,8
.xoooxx.x,7
...xx.xoo,0
oxox.xoox,4
...x.x.oo,4
xox..o.x.,4
xo.o..x..,4
..oxx..o.,0
xxo..xxoo,3
..xox.oox,0
xo.x....o,4
xooox.xxo,5
..x.xooox,0
..oo.x.xx,6
...xoxoox,2
x.x.o.oox,1
.xo..xx.o,3
..oxx.oxo,1
o.oxx.ox.,1
x.oo.xox.,4
xo...xoox,2
.xoxo.xo.,0
.ooxx..xo,5
x.oo.xo.x,4
xx.o.xxoo,2
o.xoo..xx,5
ox.x..xoo,4
xo.ox....,2
xxoo.ooxx,4
.x.oxoxo.,0
.x..o...x,0
xx.o.....,2
oxxxooxo.,8
oxoox.xox,5
xxox..o.o,4
.x..oo..x,3
o.xxx.oxo,1
.x.ooxxxo,0
..o...xx.,8
xoxxoxo.o,7
xxoo..xxo,5
xo.oo.xx.,8
.ox.xoo.x,0
.ox...oxx,5
oxox.x.o.,4
xo..o.xx.,2
oxxx.o.ox,4
..xo.xo..,0
.x..x...o,7
.x..oox..,3
xxo.....o,3
.xooxxxo.,0
o..oxox.x,1
.x...ox..,4
xoox..ox.,4
xxox.xoo.,4
xx.x.ooox,2
oox.xooxx,3
.x..o..xo,0
.xo...x.o,5
xx...o...,2
o.xxx..o.,1
.oxx.o...,6
oox.xx...,3
..x.ooxx.,3
ox.o...xx,6
.ooxox.x.,0
xoo..xx.o,3
.x.oo.oxx,0
xoxx..oox,4
o.x.oxxo.,8
xo.x..ox.,4
.xox..ox.,4
o...xxo.x,3
.x..oxxo.,0
x..o..x.o,2
x.oo.xxxo,1
.xo..o.xx,0
oxo.xxo.x,3
.xxo..oox,0
oxox...ox,4
ooxx..x.o,4
..xx..oo.,8
...x...xo,2
.o.x..ox.,0
x.xoxoo..,1
ox.oxxxoo,2
.xoxxo.ox,0
x...xoxo.,1
xoox.x.o.,4
.o.oxoxx.,0
...oxoxx.,0
x..oxx.oo,6
..xx.o..o,0
x.ox.xoxo,4
.ooox..xx,0
.o.xx.oox,0
o.xooxxx.,8
...oxx...,0
xxo.x..oo,3
..o.x.xxo,1
o....oxx.,1
xo.x.oox.,2
.ox.x..ox,0
xo...x.ox,4
oxo.x.xox,3
..oxox..x,0
.x..oxxoo,0
xx..o..o.,2
xoxoxx.o.,6
..xx.ox.o,0
x.xo.o.x.,4
..o.xx.xo,0
x.xoo.x.o,1
.xoox.xox,0
o.o.xxox.,1
.xo.xo...,7
oxxx.o...,4
....xo.xo,1
o...xx..o,1
ox...o.x.,4
.oxoo.x.x,5
xxo...o.x,4
xx...oo..,2
xo..oxx..,7
o..xoxo.x,2
...ox.x.o,1
..xoxoo.x,0
oo..ox.xx,2
xox...o..,8
xox.x..oo,6
x..oox.xo,1
xo..xox.o,2
xxo...oox,4
ooxx..ox.,5
.x...xoox,0
x..o.oxxo,1
...oxoxxo,1
x.x..o..o,1
.x.oox.x.,0
ox..x.o.x,3
x.xo.o.xo,1
.oxx.xxoo,4
x.oo.x..x,4
xo..oox.x,3
ooxxx.ox.,5
xxoo.x.xo,4
o.xo..xxo,4
..oxx..xo,5
oxox.xx.o,4
..xox.o.x,0
xoxxoo.x.,6
x.ox.x.oo,4
oo.xo..xx,2
ooxx.x...,4
.xoxoo..x,6
...oxo.x.,0
xoo..xxox,4
x..xoxo.o,1
ox..x..o.,3
ox.xxoo..,7
x.x.oo..x,1
oox.oxxx.,8
xoxo.ox.x,4
..x.o.x.o,0
.ox..oxxo,0
x..xoooxx,2
o..xxoxxo,2
.xx.o.oox,0
x.xo.oox.,1
.o.....x.,0
..x..oxo.,0
.ox..x..o,4
xo..x..o.,2
oxx.oo.x.,3
oxxoox...,8
.x.ox.xo.,2
..o.ox.x.,6
xo.xox.xo,6
oox.....x,3
.....xo..,8
..ox.ox..,0
...oxo.xx,0
xxoo....x,4
oxoo.x.x.,4
x...xox.o,2
.xo..xo..,4
x..xx.o.o,5
oo.xx.ox.,5
..x.o..xo,0
.x.ooxox.,0
oxxoxo.ox,6
xox......,4
.ooxx....,0
o..x..o.x,5
.ooxxo.xx,0
xoox.ooxx,4
oxxx.ox.o,4
.x..x.xoo,2
.x..o.xo.,0
xoxx...o.,4
o..xoxxox,1
xx.x...oo,6
x....oxxo,2
xo.xx.oo.,5
o..o.xxox,2
o..x.o..x,1
...x.oxo.,0
xoxo..ox.,8
.xxo.oo.x,0
.o.ox.xxo,2
xo.o.xx.o,2
xox...o.x,3
oox....xx,3
xo..x.o..,3
xxo..oxo.,3
.xx.o.xo.,0
xxooox.xo,6
.o..oxx..,7
.xoox..ox,0
x.x.o..ox,1
...xoxx.o,0
xoxxoo...,6
oo..x.x..,2
..xxo.xo.,0
xo.oxx.xo,2
.o...x.xo,0
.x.xoxoxo,0
xoxo.o.x.,4
.oxx.xo.o,4
..ox.x...,4
.o.x.o.xx,6
.oox.xox.,4
.oo..xxox,0
x.x.xoo.o,1
o..ox..x.,1
o..xx.xo.,1
.xo......,4
.xx....o.,0
o..xx..o.,2
.xoxxoo.x,0
xxo..o.ox,3
..o.xx...,3
o..xo...x,1
xx..o.xoo,2
oox..x.x.,3
.ox..xo..,3
ox...x.o.,3
xo.xxo..o,6
o.x...x.o,4
xo.xoo.x.,6
.oxxo.x.o,0
xoxx.o...,6
xxoxo..xo,5
xo.x.....,2
.oooxx..x,0
x....x.oo,6
oox..xx.o,4
.....xo.x,0
.o.xx.o..,0
o.xo.xx.o,4
o.x...xox,1
o..xxooxx,1
..o..xxxo,0
..o..xo.x,4
o..oxxx..,2
..x..x..o,6
x.xxooo.x,1
oxo.xx...,3
..x.o.xo.,1
.xx.oox.o,0
.xxoo....,0
ox.x.xo.o,4
oxo..xxox,3
oxxox..ox,6
.xoox....,0
o..x.o.x.,1
x..oxoxxo,2
oxxx.oxoo,4
.xxxoxo.o,0
x.x...oo.,1
.....x.o.,4
.xx.o.o..,0
.x.xxooox,0
x...xxo.o,7
.o.xxoxo.,0
.xoxo..x.,0
x.xooxoxo,1
o.ox.o.xx,1
.x...xxoo,0
.x.oo...x,5
oxx.ooxx.,3
..xx.ooox,0
xoxo.xxoo,4
xo.ox.xxo,2
xoxxxo.o.,6
xx.ooxxo.,2
.xo.xoo.x,0
ooxx.xox.,4
ooxxxo.x.,6
x.x.oxo..,1
xxox.o...,6
oox.xx.xo,3
xo.o.x..x,2
..xxo.o..,0
.o..ox.x.,8
....xox.o,2
.x..x..oo,6
....oox.x,3
.xoo.x.xo,4
o....xx.o,4
o.x.xo.x.,1
xx.oxox.o,2
xoxxoo..x,7
x.o.o..x.,6
.o.ooxxx.,8
o..oxo.xx,1
o..oxxxox,2
.x.xo...o,0
oox...xox,4
x.xo..xoo,1
.oxx.o.ox,4
o.oox.xx.,1
.ooo.x.xx,0
ooxox..xx,6
ox.oxo..x,6
xoxx.o..o,6
x....ox.o,2
ox..oxxo.,8
xxo....xo,4
xxoxox.o.,6
x.o..xox.,4
..o.xxox.,0
xx..o.oxo,2
...o..xx.,0
.x..ooxx.,3
xo.oxxoxo,2
xx.o.o...,2
..ooxxoxx,0
.xxxo.oox,0
.x...o.x.,4
ox.xxoo.x,7
.oxxoo.xx,6
xo.oxxo..,8
.ox...xo.,4
xoooxxx.o,7
oxx.oox..,3
xoxoo.x.x,5
x.o..x.xo,3
ox..xox..,2
oxox...xo,4
.xooox.x.,6
.oxo..oxx,0
..x....xo,1
x.ooxxxo.,8
.o.xxooxx,0
.o..xx.xo,3
o.xo....x,5
..xx.o.ox,0
o..ox.x.x,1
xx.....oo,2
oxxxx.oo.,8
.xo..xoxo,4
.ooxxox.x,0
x.x...oxo,1
o..xxox..,2
.ooox.xx.,8
o.o.xxo.x,3
.xxo..o..,0
x...o....,1
xoo.x.xo.,3
.xxo.x.oo,0
.xxo.xoo.,0
.x...o...,2
.oo..x.xx,0
.x.xo..o.,0
xx.o.o.x.,4
xx.oo.o.x,2
.xooo.x.x,7
x..ox.oxo,1
.xxo.xo..,0
.oxox..ox,0
oxxo..x..,4
..o.ox..x,6
o.o....xx,1
x.x.oxoxo,1
..xx....o,6
.xox.oo.x,4
.xx.oooxx,3
xx..xoo..,2
.xo..x.o.,3
..o.x...x,0
..ox.o.x.,8
ox.xoooxx,2
x.o.x.xo.,1
oxox.x...,4
.xo.x.xoo,5
oxx...x.o,4
xxoox.xoo,5
.xxx.oxoo,0
x..ooxxo.,1
o.....oxx,1
ox...ox..,4
.o..x.o.x,0
x.o.xoxo.,3
xooxox.xo,6
x.o.x....,8
.o.x.x...,4
..x..xxoo,4
..ooxx..x,0
o.o.xx...,1
.x.xxo.o.,8
xoxxx.oo.,8
..o.x..xo,1
xoxoo.xxo,5
o..ox.xx.,1
o.xx.oxo.,4
xo.oxox..,2
x.x.ox..o,1
o.o..x..x,1
o.o..xxox,1
ox..x.oox,3
..x.xoo.x,0
xoxxo.oxo,5
....ox...,0
xox...xo.,4
xo.oox.xx,2
.x...oxo.,0
.ox.xxo.o,3
x.o..x.ox,4
oxx.x.oox,3
..xoxx..o,6
oox..xxo.,4
.x.xxooo.,8
xoxo.o..x,4
xxo.xxo.o,7
.o...oxx.,0
oxox.o..x,7
.xxoo.x.o,0
x.o.xxoxo,1
xxoxo...o,6
xx..xo.oo,2
.ox..xoxo,0
x.x.xooo.,1
.o.ox.x..,0
x..oo..x.,5
.....ooxx,4
.xo..xox.,4
xx...o.ox,2
..xooxox.,0
.xoo..x..,7
.....x.ox,0
xoxxx.o.o,7
.xx..oo.x,0
....x.o.x,0
...x.oxxo,0
...xxoo..,1
.oxxx.oxo,5
.x.xoo.ox,0
xxoxox..o,6
xo.o.x...,8
o.oxxox.x,1
...xoxoxo,0
.o.x.xx.o,0
..x.ox.xo,0
.xx.xoo..,0
xo.x.x.oo,4
xoxoxoox.,8
xx...oo.x,2
x.xo.xo.o,1
x.....oox,1
xoooxx.x.,8
xx.oox.ox,2
.oo.xx.xo,3
ox..xo.ox,2
.ox...xxo,4
.xxoxoo..,0
.o.oxxoxx,0
o.o.xx.ox,3
.xox.ox..,8
..x..oxxo,4
xo...xo..,4
oo..x..x.,2
xox.o.ox.,3
xxo...ox.,4
xo...o.xx,2
o...x.o.x,3
x.x.o.o..,1
..o..xx..,0
ox.oxoxox,2
.x.o.x.ox,2
x.ox.o...,6
.xoo..xxo,4
.o.xxo.x.,2
.oxx..ox.,4
.x.o.....,0
oxxxo.oox,5
.xoo.xx.o,0
.x.oo.xx.,5
oo.....xx,2
o.xxoo..x,1
x.o..ox.x,1
xoxxooox.,8
.x.oox..x,2
.ox..x.o.,4
x.o...x.o,3
x..xoxoox,1
...xooxx.,0
xoxo..o.x,4
xoo..xo.x,4
..xxooox.,0
ox..o.xox,2
..xoxo.xo,0
.ox.oxox.,8
x..oo.xox,1
xox.x..o.,3
..xx.xoo.,8
ooxxx...o,5
o.ox.xxo.,4
.o..x.ox.,0
..oo.xx.x,7
o..x..ox.,4
ox.xoxo.x,2
oo.xox.x.,2
..oxxooxx,0
.xox.oxo.,0
x..x.oo..,2
o.x..xxoo,4
ooxx....x,4
o...oxx..,8
..xx.ooxo,1
ooxx.x..o,4
.xo.ox.xo,0
.x.xoxo..,0
x..o.xoox,1
..oo.xxx.,8
.xoox.x.o,7
.xxox.o..,0
.o.x.ooxx,0
xoox.o.x.,6
.x....xoo,0
oo.xx.oxx,2
x.o.xox..,8
oxox.....,4
.x...xoo.,8
ox.x.x.oo,4
o.xx..x.o,4
xoxxo...o,6
.o.xoxxxo,0
.o.oxxo.x,0
xxoo.o.x.,4
.oo.xx.x.,0
o..o.xxx.,1
.oo.x..x.,0
xo.xxo.xo,2
.ooxo..xx,6
.x..o.oxx,0
.x.o..ox.,0
oxox..oxx,4
.ox.o.xxo,0
xo..xo...,2
x.oox.ox.,1
o..xxo.x.,1
oxoxox...,6
.xxo..xo.,0
....x.xoo,0
oxo..xx..,4
o..oxx..x,2
oxx.oxxo.,8
ooxx.xxo.,4
.oxx..oxo,0
...x.o...,0
xxo.oxx.o,3
.ox.oxx..,7
..xo..xo.,0
xooxoo.xx,6
ooxxxoo.x,7
oo.oxx.xx,2
x.o..xo..,4
xx.oox...,2
xo..x...o,3
.xo.xox..,8
....xxo.o,3
x.ox..o..,4
o.ox.x...,4
.xo..xoox,4
.ooxoxxxo,0
..xo.ox..,4
x.xo.oxxo,4
xxoo.o.xx,4
.xoxoox..,0
..xxoo..x,0
oxox.o.xx,4
.xo.xo.ox,0
x....xoxo,1
o.x.xoo.x,3
ox.x..oxo,4
x.o..xoxo,4
.x...x.o.,0
..xo..ox.,0
ox.x...xo,4
.o..x..xo,0
o..x.....,1
..ox..ox.,4
xx..o.ox.,2
oxoxxo.ox,6
.o.xoxx..,0
.ooxxox..,0
xxox..oxo,4
o.oxx.x.o,5
x.xxo..oo,1
xo.o.xxxo,2
..ox..x..,0
xox.x...o,6
x.o..xx.o,3
.o.x.ox..,0
xoxo...xo,4
o..xo.xox,1
xoo..xox.,4
oo.xoxx..,2
o..xxo.xo,1
..ox.xoox,4
x..xxo.oo,6
.......ox,2
.xxo..o.x,0
x....o..x,4
.xxo.o.x.,4
.oo.xxx.o,3
......xo.,0
.oxx..o.x,5
..o.oxxx.,8
...xox...,0
xxo.o..x.,3
x..o.oxox,4
x.o..xxo.,3
o..xo.x.x,7
o.o.x...x,1
...ox..xo,1
xoxoxo.x.,6
o..xo.x..,8
..x...xo.,4
oxxxx.o.o,7
.x.x..o.o,0
xox.oo..x,3
..xx..o..,4
..o..xxo.,3
xxoooxxo.,8
ox.x.ox..,8
oox.o.xx.,8
.ooxx.xxo,0
xooo.x..x,4
.xxx.ooox,0
.x...o.ox,0
xoxox.ox.,8
ox..ox.x.,2
.x..o.x..,0
x...oxo.x,2
.xxxoox.o,0
x.xxo...o,1
oxxxo..o.,8
x.xxoxoo.,1
.xox.xo..,4
xox.o.o.x,5
x..xoo...,1
oxxo.oxxo,4
x.x.o.xo.,1
x.ooxoxx.,8
oxx.o..ox,5
oox.x....,3
o.ox.oxx.,8
.x..o.o.x,2
ox.x.x.o.,4
.ox.o.x.x,7
ox..x.xo.,2
..ooxxx.o,0
xo..xoox.,8
o.o..xxxo,1
xoxox...o,6
.x.o.ooxx,4
xx..o..xo,2
.o..x.xox,0
.xxo.oox.,0
o.xxxo.xo,1
oo..x.xxo,2
oxox...x.,4
xx.oo..ox,2
xo.o....x,2
..o...x..,0
..oo.xoxx,0
oo..x.x.x,2
.x..o..x.,0
oo.xoxx.x,2
o.oxx....,1
oxxxo..ox,5
ooxxo.xx.,8
xooxxo.x.,8
ooxxoxox.,8
xo.oox.x.,8
x..o.xoxo,1
xoo.ox.xx,6
..oxxoo.x,0
xx..oxo.o,2
xx.x.o.oo,2
o..o.xx.x,1
.xx...oxo,0
xo..o.oxx,2
oo..xx...,2
ooxxooxx.,8
x..xo.o..,2
.o.oxo.xx,0
xoxoox...,8
xx.xo.oox,2
.xoo.o.xx,4
.o.ox.oxx,0
.xxo...xo,0
.oxxo.x..,0
x.xxoxo.o,7
ooxo...xx,5
x..o.oxx.,4
ox.xo.xo.,8
oxxxx..oo,6
o.xx.....,4
xo.oox..x,2
.ooxo.xx.,0
...o..xxo,4
x..x.ooox,1
.xox.o...,8
.xx.x.o.o,7
...oxxo.x,0
xooo.x.xx,4
.oox.x.ox,4
x.x.o....,1
o.oxxooxx,1
xox..oxox,4
oxxoo..xx,5
ooxxxoox.,8
x.x.oxoo.,1
ooxx.x.o.,4
xx.xo.oo.,2
xoxxo.o.x,7
xoxx.o.ox,4
oxo.x.x.o,5
.xo..x.xo,4
x..o.xox.,1
.oxx.o..x,4
..o.x..x.,1
x..xxoo..,8
ox.xxo.ox,2
.xxooxo..,0
..oxo.x.x,0
xoxoxxo.o,7
...o.xx..,2
..x..xoo.,8
o..x.xox.,4
o...xox.x,1
xxo.x.o..,3
.xo.o..xx,6
....o.x..,0
xoox.xox.,4
xxooox.x.,6
..x...o..,0
oox..oxx.,3
xxooxox..,8
ox...o.xx,2
xxoo.o..x,4
oxo..xxo.,3
.xx.o.oxo,0
.o.ooxx.x,2
x.x..o.o.,1
x.oxx...o,5
x.o.ooxx.,3
..o...x.x,0
o.xxo..x.,8
o..ooxxx.,8
oo..x.xox,2
x.xx.o.oo,1
.xox..x.o,0
x..xox..o,6
x.ox.xo..,4
xo..xxxoo,2
..oxo.xx.,0
oxoxxoxo.,8
x.xoxx.oo,6
x..xooo.x,2
o.o.x.xox,1
xxoo.xo..,4
....oxox.,2
ooxxo...x,5
x.ox.oox.,1
oxx...oox,5
x...o.x..,3
.xoxox.o.,6
..xoo.x..,5
xx.ox.xoo,2
...xx.oo.,5
x.oox....,1
xoxox..o.,5
o.xx...o.,4
ooxxxo.ox,6
.x.xx.oo.,8
.xxox..o.,0
..xoox.xo,0
ox.x.o..x,4
..ox.xxo.,0
x.oxoo.x.,6
.xoxo.x.o,0
oxxxoo.ox,6
xxoox...o,7
.x..oxx.o,0
.x...x..o,6
o.xo.o.xx,6
.oxooxxx.,8
xoxo..xox,4
oxxo.o..x,4
.ox..x...,0
.o..xoxox,0
xxo.ox..o,6
xx.oxo..o,2
xxoox....,5
.x.oo.xxo,0
xo.x.x.o.,4
xx.xooo.x,2
..o.o.xx.,0
xx.xo...o,2
xo.....x.,6
..o.xx.ox,0
ox.xxo..o,2
x..x.ooxo,2
ox....xxo,4
oo.x...xx,2
.x..ooxxo,0
..xoxo...,0
o..xxox.o,2
..x..xo..,8
x..oox.ox,2
xx..ooxxo,2
x.x.....o,1
x.o.o..xx,6
o.x.xxoo.,3
oo.x.x.xo,4
oxo.xx.o.,3
.xox.o..x,0
x.ox...o.,4
x..oxo...,1
x.x...o..,1
xx.oxoo..,2
.oxx.ox..,0
xx..o...o,2
.x.oxoxox,0
....o..x.,0
x.o.oo.xx,6
oxxo...x.,4
.xo.x..ox,0
o.....x..,2
.x.x.ooox,0
x..o.x.o.,2
.xxxoo.xo,0
..xxoo...,0
.oxx.x.o.,4
..oxxo..x,0
.ox...x..,4
.....xx.o,3
.oxxxo..o,6
o.xxo.xo.,1
.ox....xo,0
.o..xxxoo,0
.x.o.x..o,0
x.oo..x..,8
xxooo.xx.,5
oxxx.o..o,4
.o.xxox..,0
..o.oxx..,0
oxoxo..xx,6
.o.oxxox.,0
...xx.oox,0
.oxx..xoo,0
x.xo.oo.x,1
.xx..o.o.,0
..oxx.x.o,5
oxxoxx.o.,6
.oxxox...,7
o...xxx.o,1
..oxo.xox,0
....oo.xx,6
o..x.oxox,1
o.xx.xo.o,4
xoxo.xox.,8
x..ox.ox.,1
xo.x..oox,4
o.xxxoo.x,1
..oxooxx.,0
.x..xxoo.,3
oxox.xxoo,4
oxox.ox..,8
.ooxxo..x,0
.oooxx.xx,0
o.x...x..,1
x.xxooox.,1
x.ox.o.ox,1
.oxxoo..x,7
oxx...oxo,4
oxo..o.xx,3
....xoxxo,2
xoo...x.x,3
.oxx.oox.,0
.o....xx.,8
oxo...x..,7
x...oxo..,2
x.x.oo...,1
..oxx.xoo,0
xo.x...xo,6
.x.o.xxoo,2
..x.oxxoo,0
.xo..oxox,0
x....x.o.,4
x...ox.xo,1
ox.x.oo.x,2
xo.o..oxx,2
xoxo..x..,4
.xox.xxoo,0
...ox...x,0
xoxo..xo.,4
.x.oxox..,0
xo..x..xo,2
xoo..x..x,4
xoo....xx,3
x...xo.o.,1
.o.xo.xx.,0
x.x.xooxo,1
xoox.o.xx,4
xox.ooxx.,3
oo.x.x.ox,2
o.xxoo.xx,6
ox...xox.,3
x.x.oox.o,1
x...oxxo.,1
xoxoo...x,5
xooxx..xo,5
ox.x..o..,4
o..o.x.x.,6
x..ox.x.o,2
x.x..o.ox,1
x.x....o.,1
o.ox.ox.x,7
.x..oxox.,0
.o.xx.xo.,0
ox..xx..o,2
xxo.x..o.,8
x..x.o.xo,2
.x.o.o.x.,4
oxxx.oo..,4
.xxo.ox.o,0
o...o.x.x,2
.x..xoxo.,2
..ox...xo,0
..xx..oxo,1
.xoo..xox,0
.oo..xoxx,0
xoxoxx..o,6
xx..xo..o,2
o.x...ox.,3
.xoo..x.x,7
...xooxox,0
oxx.ooxox,3
x..xoo.ox,1
.xx..xoo.,8
xx.oo.xo.,2
oxx..oox.,4
..oxx.o..,0
xoo.oxx.x,7
xo...xoxo,2
o.x.xx..o,1
...o.xoxx,0
x.xoo.ox.,1
..xoxxoo.,8
ox...xxoo,4
xx..ox..o,2
xx.ooxo..,2
ooxxxo.xo,6
oo.xoxoxx,2
xxo.oo..x,3
x.o....xo,5
....x...o,0
.xoo....x,4
oxxo.ox.x,4
.xxoxo.o.,0
.........,0
x.oo..xx.,8
..oox.xx.,0
.o.xox...,0
ooxx..oxx,5
.xoxox.xo,0
xo..o.x..,3
.oxox..xo,6
ooxox..x.,6
.xx.ooox.,0
.oxxxooox,0
xo.oxx.o.,2
..xxxooo.,8
xo....oxx,4
.xox...o.,4
.xx.oo.x.,0
xooo.xxxo,4
xxo..o..x,4
oxxxoo.x.,8
xo..oxox.,2
x.xo..ox.,1
..xxooxo.,0
ooxx...x.,4
.oxxoxo..,8
.o..xo.xx,0
.x.x..oo.,8
...oox..x,2
o.x..ox.x,1
oxx.xoo..,7
.x...oo.x,0
o.o..xxx.,1
xo.x.o..x,2
x.oxo..ox,6
oo...xxox,2
xxoo.xxoo,4
o.oxo..xx,6
xoxoo.x..,5
....oxoxx,2
xo..x....,2
..oo.xxxo,0
.xoooxxox,0
xxox...oo,6
.xx.o..xo,0
xxoxo....,6
ox..xoxox,2
x.o..oxox,1
x...oo.xx,3
xox.xooxo,3
xox..o..x,4
.x..o.x.o,0
xoxx..o.o,7
oo.xx.x.o,2
x...xoo..,1
oxxxo.o..,8
o.x....xo,4
.x.x.o..o,2
o.x.o.x..,8
x.....x.o,1
xo.x.xo..,4
.xo.x..o.,3
x.oo.x.ox,4
xoo.xxoxo,3
xx.x.ooxo,2
x....ooxx,4
o.xx.o.ox,1
..oxx.ox.,0
..o.oxxxo,0
..oox.x..,7
x.x.ooo.x,1
oo..x...x,2
.x......o,2
..x.xo.xo,0
.oo.x.xox,0
.xxxoooox,0
xox..o...,4
xx.o...o.,2
oox...xxo,4
oo.oxxx.x,2
x.x..oox.,1
..x.oxox.,8
oxx..o...,4
oxoxxoo.x,7
o.xxxo...,6
xxo..oo.x,4
..x.x.o.o,7
xox.....o,6
xo.x.xoxo,4
.xoox.o.x,0
.o.xx..ox,0
.x...ooxx,4
oox.ox.x.,8
..o.x..ox,0
oxx...ox.,3
....ooxx.,3
.oo.x.x.x,0
x.xo...o.,1
...o..oxx,0
oxxxxoo..,7
ox.xx.o.o,5
.ooxo.x.x,0
..xoxx.oo,6
ox.xox.ox,2
x.xxooo..,1
o.oxx..x.,1
...x.ooxx,0
oox.x.o.x,5
o...xxxo.,1
xox..oox.,3
.ox.xo.xo,6
o.xxxoox.,1
..o..o.xx,0
...xx.o..,5
...oxxoox,0
x.xo.x..o,1
xoxo.xxo.,4
ooxxoxx..,7
.oo.x...x,0
.ox.xxo..,0
.o..x.xxo,2
...xx.oxo,0
..oxoxxo.,0
xoxoo.oxx,5
x..ooxoxx,2
...x..x.o,0
.oxxxo.ox,0
..ox.x.o.,0
x.oo.xxox,4
...oo.x.x,5
..xo.oxx.,4
x..o.x.ox,1
ox.xoxoox,2
xo.....ox,4
xxooo..x.,5
.xoxoo.x.,0
oxxx.oo.x,4
.x.oxxoox,0
xooxxo...,6
...oxooxx,0
o.oxxox..,1
xoo..xxo.,3
.xox...xo,4
oxoxx....,5
...xxo...,0
x...oo..x,3
oxoox.x.x,7
.oxo..xxo,4
..x.x...o,6
oxx.....o,4
.o...x.x.,6
..oxx..ox,0
.x.o..xxo,4
x.o..o.xx,1
.x.xoo.xo,0
.o.x...xo,0
ox..xo...,2
xx.x.o..o,2
oxoo..x.x,7
.oxo...x.,6
oo.xx.o.x,5
x...oox..,3
xx..ooox.,2
o.oxoxxox,1
xoo...oxx,4
x.x..oxoo,1
o..x.xoxo,4
o..xxo..x,1
xo..ox..x,2
xxo...xo.,3
x.ox..oox,4
x...o.xox,1
xooo.xx..,8
xx.oo....,2
...oxxo..,0
o...oxx.x,1
.o.xo.xxo,0
xo.x.x..o,2
.o.xx..xo,5
...x.o.xo,2
oxx..o.x.,4
xx..oo.x.,2
.oxx.x.oo,4
x.xo.ooxx,4
x.ooox.xx,6
xoo...xx.,3
.xoox.xo.,0
xox....xo,3
.xxoo.xxo,0
x..xo..ox,1
......o.x,0
.x.oxo..x,0
ox...x.xo,4
.xo.ox.x.,0
x..oxoxo.,1
xx.o.o.xo,2
xx.x.oo..,2
..x.xoo..,0
xxo..xo..,4
x.oxox.o.,6
...oo..xx,5
.oxxox.xo,0
o.xxooxox,1
o.xx.o.x.,4
xxox..oox,4
.o.xooxx.,0
..xxo.oxo,0
.oo.xo.xx,0
x.oo.xoxx,4
xoxo.xx.o,4
xo..oxo.x,2
.xo.ox.ox,6
xoo.ox..x,3
xxoo.xox.,4
o.xo.xx..,1
o.x.xx.oo,3
.oxoo..xx,5
xox.ooxxo,3
....x.ox.,1
oxxxxo.oo,6
x.oox..xo,1
.xooxx.ox,0
.oox.oxx.,0
oxo....x.,4
..o.xxo..,0
xoo.xx..o,3
o.xox...x,6
oo.xx.xxo,2
oo.oxx.x.,2
..oo.xx..,0
xoxx..oo.,4
.xx..x.oo,0
xoo..oxx.,3
x.xo..oxo,1
.....x...,2
.ox...ox.,0
oo.oxxxxo,2
.oxoox.x.,8
x.xo..o.x,1
.xxx.oo.o,0
.o.x.oxox,0
.xx....oo,0
o.xxx...o,1
x..oxox.o,2
.x.xo.o.x,2
.xoxoxx.o,0
.o.x..x.o,0
ox.xox...,2
x.xooxox.,1
....x.xo.,0
.o.x.x.xo,4
x.xox.o.o,1
.xxoo...x,5
oxxoox.x.,6
xoo.xx.o.,3
o..oox.xx,2
..xxo..xo,0
xooooxxx.,8
.xo..x...,3
x.x.o.x.o,1
.x...x.oo,6
xx.xo.oxo,2
oxox..x.o,4
xo..o.x.x,7
xxo..x..o,6
....oxxox,1
.o..oxxxo,0
xx.....o.,2
o...xxo..,3
xo..xxoxo,3
xx..oox..,3
.....xoox,0
..oxxoxo.,0
...xo..x.,0
x...oox.x,3
o.x.xooxx,3
..xo.x..o,0
x.xoo.xox,1
x.....ox.,1
...ooxx.x,0
xxooxxo..,7
.xxxo..o.,0
.x.xxoo.o,7
x..xo.ox.,2
xooxox..x,6
.x.xxo.oo,0
oxx.oxo..,8
..x.xo.o.,0
x.xoo.x..,1
o.xoxo.xx,6
o..xxoox.,1
.oxxoxoxo,0
x.xo....o,1
.oxx...ox,4
xx.x..o.o,2
o...x.x..,2
.xo..o.x.,4
.xx..ooxo,0
x.ox..oxo,1
..x.oo..x,3
ooxx..xxo,4
x.xxo.oox,1
o.o.xxxxo,1
x..x..oox,4
xo.ox.xo.,2
xox...oox,4
x........,4
xo.x.ooxx,4
.xo.o..x.,0
xx.x..oo.,2
.xx.ox..o,0
....o.xx.,8
.xo..xxo.,0
..x..o.x.,4
.x.o...x.,4
x.x.o.xoo,1
xox.xo...,3
.o.x.x..o,0
.ooxx.oxx,0
o.xx.xoxo,4
xxox.oo..,4
xoxo...x.,4
o..xoxx..,1
x.xoxo...,1
xx....o..,2
xxo.oxxo.,3
x.xoxxo.o,7
.xooox..x,6
.....xxoo,0
xxox.oox.,4
.oo..xx..,0
.x..oo.x.,0
xooo.xxx.,8
.ox..oxx.,0
xx.o.oxxo,2
..oxoo.xx,6
oox.xo..x,6
x.xoo..xo,1
oxoxox.x.,6
xx..oox.o,2
.oxxx.o.o,5
oxx....xo,4
oo...xxx.,2
x.xxo.oxo,1
......xox,4
oxo..ox.x,7
xoxox.oxo,5
..xo..x..,4
ox.oxx...,6
x.oxox..o,6
x.......o,2
oxxo.x...,6
ox....xo.,2
x....oxo.,1
ox.o.xxo.,2
oo.xox..x,2
.xx..oo..,0
o.ooxx.xx,1
x.o..o..x,3
xx.ox...o,2
xx....oox,2
xx.o.oox.,2
o..xx..xo,1
xo..xo.x.,8
o..o...xx,6
..x.oox.x,3
oxoxx..ox,5
.o.xoxx.o,0
o.xxxooox,1
.xoo.ox.x,4
o.oxx.o.x,1
..oxoxx.o,0
.oxx...o.,4
oxxx....o,4
..oxxo.ox,0
x.oox.x..,8
xoo...xxo,3
.ox.oo.xx,6
o.ox..xox,1
..o.x.oxx,0
oo.xo.xx.,8
..ox.ox.x,0
x..xxooo.,8
oo..oxxx.,8
x.xxoo..o,1
x.o.oxxo.,3
...ox.o.x,0
xoxooxox.,8
x..ooxo.x,2
.x.oxxoo.,0
..ooxxx..,0
.o.oxxx..,2
.oxxo.xxo,0
x.xoox..o,1
..x.xx.oo,6
.xx..ooox,0
.o.xxoox.,0
..x.o...x,5
ox.x.....,4
ooxxo.x.x,7
..xx.oxoo,0
o...ox..x,2
.x.oox.ox,2
xxox.oo.x,4
.oox.xx..,0
......xxo,2
.x...ox.o,2
xo..x.ox.,8
xo..ox...,7
oxxx..xoo,4
o.o..xx.x,1
xx.o.xoo.,2
xoxx.ooxo,4
.oo.xxox.,0
..ox..x.o,0
..xxo.ox.,0
o.xx...xo,4
..x.o.ox.,0
.xxo.oxo.,0
.x.x..o..,8
xxooo.xxo,5
oxo.x.xo.,3
oox..xxxo,4
.o..x.x..,0
o.x.ooxx.,8
x..o....x,4
..oxox...,0
oo.x.xoxx,2
..xxooxox,1
xo..xxoo.,3
.xxo.oxox,4
o.ox.xx.o,4
oxx.x.oo.,3
.xx.oxo..,0
..xx...o.,4
xoooox.xx,6
xx..oxoo.,2
oo.o.xx.x,2
ox.xx.oox,5
.o.oxx.ox,0
.ox..oxox,4
.x....x.o,2
xo...xxoo,3
.x..oxo..,2
xo.xx..oo,5
o..x.xo.x,1
xox.xxoo.,8
oox.o.x.x,5
...x.oxox,0
xo.x.xo.o,4
xox...ox.,4
..o..x.ox,4
.xooxo..x,0
xxoox.x.o,5
.oox..x..,0
o..x...ox,5
x.o....ox,3
xxoo.xoxo,4
.oxx.oxo.,0
xox.xxo.o,7
xo.ox.x.o,2
xx.oxo...,2
.oox.xo.x,4
oxoxx.x.o,5
.x..xxo.o,7
o.o.x.xx.,1
o.oo.xxx.,1
xoo.xx.xo,3
xo.x..o..,4
oxxx...oo,4
.xxoxo.ox,0
.o..xxo..,0
xx.ooxxoo,2
x....o...,2
xoox.x..o,4
xox.xo.xo,6
...xoooxx,2
x...ooxxo,3
...x.o..x,0
o.oxoxx..,1
ox.o.xx..,2
.oxo..xox,4
ox..o.x..,8
x.o..x...,3
x..o.x...,2
x.xo.x.o.,1
xx..oxoxo,2
x.x.oo.ox,1
..ox....x,0
...x.x..o,4
.xx..o.xo,0
x...xoox.,1
.xxoxxoo.,0
x.xoo...x,5
xxo...oxo,4
xo.oo.x.x,7
xo.ooxxxo,2
oxxxxooo.,8
.o..xxoox,0
.x..x..o.,0
.x.oo..x.,0
.o..xxoxo,3
x.o.ox.x.,6
.o...x..x,2
.oxoxxo..,8
xxo.xoo..,7
.xoo.x.ox,0
xo.x...ox,4
oo.xxo..x,2
x.o.x..o.,3
..ooxox.x,0
ox.x.xxoo,4
.o..xox..,0
.oo.xoxx.,8
o.oxo.xx.,8
.o...xx.o,3
.o.o.x..x,0
oo.xxo.x.,2
oxoxx.xo.,5
xoo.x.x..,3
xo.ox..xo,2
.xx.ooxox,3
oxx.ox.o.,8
xo.xox...,6
ox.oo.x.x,5
..ox.xox.,4
x.x.ox.oo,1
o..xo..x.,8
xo.xx.oxo,5
o..xoxxo.,1
x.ox.o..x,1
.x.xx..oo,5
.x..o.ox.,0
x..oxox..,1
oxo.oxxx.,8
o.xx.o..x,4
oo.xxooxx,2
o.xoxx...,6
ox.ox.xox,2
..o..ox.x,0
xox.o..x.,3
xxo.o.xxo,5
x....o.xo,2
.oxx.x..o,4
.oxoxo..x,0
oxxx.oox.,4
xxooox.ox,6
oo...x..x,2
x.xo..o..,1
.x...oxox,0
o..xo.xx.,8
.xoo.x..x,6
.xox..o.x,4
xoox.xoxo,4
...xox.xo,0
x.x.oox..,3
.oo.x.xxo,0
.ox..ox.x,0
..oo..xx.,1
..oxx.xo.,0
x..o.x.xo,1
x.o.xxoo.,3
o.x.xo.xo,1
o.oox.x.x,7
..o.o..xx,6
o.xxoxxo.,1
xox....o.,4
.xo..ooxx,4
xxoxxooo.,8
oxxo...xo,4
oxx...o..,3
..x..x.oo,0
xo....xo.,3
xoo.o.xx.,3
.ox....ox,4
.x.x.xoo.,4
o...xoxx.,1
.o.oxxxxo,2
o..xox...,1
.o..o.x.x,7
xoxoxxo..,8
..xx...oo,6
..xox..ox,0
.oxx.xoo.,4
.oo.oxx.x,7
oxox.xo..,4
oox.xo.xx,6
xx.o....o,2
oxoxo..x.,5
xoox..o.x,4
xxooox...,6
x..x.o.o.,1
.xo.oxx.o,0
.oxx.oxox,4
o.x..xoxo,1
.xxoo.xox,5
ox.xox.o.,8
oo..xox.x,2
.xx.ooxo.,0
.x.oox.xo,0
o.oxoxx.x,1
oxx..o.ox,3
..xx.oo.x,0
.o.xx....,0
..ox..o.x,4
oxxox....,6
ooxxo..x.,8
.oo..xx.x,0
xx.xox.oo,6
o.oo.xx.x,7
...oxxoxo,1
x.oxxo...,8
.oxoxx..o,6
..xo...x.,4
..xxox.oo,0
xxoxxo.o.,8
o.x.oxx..,8
ox..xxoox,3
x.xxox.oo,1
oo..oxx.x,2
o..o.xx..,1
..xo.xx.o,4
.ox.o.xx.,8
.xoxx.oo.,5
.xo.x.o..,0
.oxxxoo.x,0
o.x..o.xx,6
oxoxo.xox,5
..xooxx..,8
oxoox.x..,7
.oxx.xo..,0
.xx..xo.o,0
.x..xoo..,0
xx.ooxox.,2
oxx..xoo.,8
..ooxxxox,0
x.xox..o.,1
.oxxx.o..,5
x.oooxxox,1
oo..xxxxo,2
..xoo..x.,5
o.xx.ox.o,4
.x.o..xo.,2
..ooxx.ox,0
.xxxooox.,0
ox.o.x...,6
...o.xxxo,1
oxxo.x.xo,4
..ox.x.xo,4
xxoxx..oo,5
x..ooxox.,2
o.xx..xo.,4
x.xx..o.o,7
xoo..o.xx,3
.xo.oo.xx,6
o..oxxxxo,1
..o..x..x,0
ooxxx....,5
xo.oxxxo.,2
xoo.xoxx.,8
xox.oxox.,8
x.xox...o,1
.x..o....,0
x.oo..oxx,4
o.ox.x.ox,4
x..xx.oo.,8
oxxxox.o.,8
..xx.oox.,0
xx.ox.oo.,2
.x.ox..ox,0
..oxx.oox,0
ox...x..o,4
xox...xoo,3
x..x.xoo.,4
.xx.oo.ox,0
x.x.xo..o,1
.oox.xxo.,0
xo..xx..o,3
.x.o..o.x,0
xxo..o...,3
.xo.oox.x,3
o....xo.x,2
.x.o.xox.,0
oo..xo.xx,6
ox.xoo..x,2
x.x..oxo.,1
x.o...oxx,4
.oxxoo.x.,6
.xox.xo.o,4
o.ox...x.,1
ox...ox.x,7
ox.o.xx.o,4
..xoox...,0
.xo...o.x,4
ox.o.x..x,6
.oxoxo.xx,0
o...xo..x,6
o..xx.o.x,5
ox..ox.ox,2
o..x..xo.,4
x.xxoo.ox,1
xoox.xo.x,4
oxooxx..x,6
.ox.o.oxx,5
oox.x.ox.,3
..xox.ox.,0
.o.x..xox,0
.x..ooxox,3
ox.xx.xoo,2
..xxo..ox,1
..xooxxo.,1
ox..x...o,2
xoxx.x.oo,4
xo...ooxx,4
...x.ox..,0
xx..ox.o.,2
o.x..ooxx,3
xxoo..ox.,4
x.o.o.x.x,1
.xoo.xx..,4
ox..o.oxx,2
.x.xo.x.o,0
.oxo.xx.o,4
....x.x.o,2
oxox.ox.x,7
x.o.o.xox,3
.oox..x.x,0
xoxxo.o..,7
..xx.xo.o,4
xx.oo..xo,2
oxoxx...o,5
x..oox.x.,2
.oo.x.x..,0
oxxxo.xo.,8
ox.xooxx.,8
..xxoxxoo,0
....xoox.,0
.ox..o..x,4
x.xxoooxo,1
oo.xxo.xx,2
xo.oxoxxo,2
ox..x.xoo,2
o.....x.x,1
.oxo..x..,4
o.xo.x.xo,1
x....xo..,8
x.x.o...o,1
ox.o..x.x,2
x.xxo.oo.,1
...x.oo.x,0
o.xxo.x..,1
...x.o.ox,0
x.oxx..o.,1
ox..xox.o,2
ooxxoox.x,7
.oooxxxxo,0
xx.o..oxo,2
.oxxxoo..,0
..xx.o...,0
oxx.x.o..,3
o.xxx.o..,5
.xo...oxx,4
oxxx.ooox,4
o....xox.,1
.xxxooxo.,0
xxoox.o..,5
.oxxxo...,6
xoo.xxx.o,3
.xoxx...o,5
o...x...x,2
x..xxoo.o,1
oxx..ox..,4
x.o..oxx.,8
oxx.oo..x,3
.ox.xooxx,0
ox.x.oox.,4
o..xooxx.,8
.xo..oxx.,8
.o.xo.x.x,7
.o.o..x.x,0
xxoo.xxo.,4
xoxx....o,6
.xoxoox.x,0
.x..x.oox,0
xoxo.xoxo,4
.xx.xooox,0
.x.xox.o.,6
o.x.oxox.,8
xxo...x.o,5
oxox.oxox,4
oxxo.o.xx,4
.xxo..x.o,0
x.o...xox,1
o.x.xo..x,6
..xo.xoxo,0
o.x....x.,6
o.xx..o.x,5
xxoxoo...,6
.o.x.x.ox,4
x.oo.oxx.,8
xo...o..x,3
o..ooxx.x,1
.o.xxoo.x,0
.o.o.x.xx,0
oxx..oxo.,4
x.xoo.o.x,1
.oxxx.oox,0
.ox...x.o,0
.x.ox.o.x,0
x.o.oxxox,1
x.xo.o.ox,1
oxx.ox...,8
xx.x.o.o.,2
..xxoxoxo,0
xx....oo.,2
o..xx..ox,5
..xxo.o.x,5
o.x..xxo.,1
.xo.....x,4
xxox.x.oo,6
ox.oxxxo.,2
o...x.xxo,1
.xxoo..x.,0
oxox.xo.x,4
xx.ooxx.o,2
.xox.o.x.,4
..xx.o.o.,0
...ooxoxx,2
x.ooxx.xo,1
x.o.....x,1
x.xoox...,1
o..oxxxo.,2
.x.oxx.o.,6
.xo.xxoo.,3
.xooxx...,7
o.x..o.x.,4
oxxxxoo.o,7
oxoox...x,7
.ox.ooxx.,3
..xxooxxo,0
.x...o..x,4
ox.o..xx.,2
